Date,EMA,Close
2020-06-15,,54.01599884033203
2020-06-16,,54.965999603271484
2020-06-17,,54.965999603271484
2020-06-18,,55.75199890136719
2020-06-19,,55.70199966430664
2020-06-22,,56.805999755859375
2020-06-23,,56.74599838256836
2020-06-24,,55.619998931884766
2020-06-25,,56.38800048828125
2020-06-26,,55.89400100708008
2020-06-29,,55.742000579833984
2020-06-30,,56.849998474121094
2020-07-01,,57.83399963378906
2020-07-02,,57.96799850463867
2020-07-06,,58.59600067138672
2020-07-07,,58.25
2020-07-08,,59.4379997253418
2020-07-09,,59.98400115966797
2020-07-10,,59.64799880981445
2020-07-13,57.173248204523574,57.071998596191406
2020-07-14,57.192557847015,57.375999450683594
2020-07-15,57.21955250344234,57.47600173950195
2020-07-16,57.17673802290152,56.77000045776367
2020-07-17,57.184477203593374,57.257999420166016
2020-07-20,57.39547952000152,59.400001525878906
2020-07-21,57.523148142957105,58.736000061035156
2020-07-22,57.65465777968626,58.90399932861328
2020-07-23,57.65211878657812,57.62799835205078
2020-07-24,57.599535899677456,57.099998474121094
2020-07-27,57.64300864788526,58.055999755859375
2020-07-28,57.635103193161996,57.560001373291016
2020-07-29,57.73461720382998,58.68000030517578
2020-07-30,57.81646335299089,58.59400177001953
2020-07-31,57.93394296099752,59.04999923706055
2020-08-03,58.154329450296125,60.24800109863281
2020-08-04,58.344964572170824,60.15599822998047
2020-08-05,58.541063120403436,60.40399932861328
2020-08-06,58.73715220170988,60.599998474121094
2020-08-07,58.784851893204404,59.237998962402344
2020-08-10,58.74648504332612,58.38199996948242
2020-08-11,58.60491487934584,57.2599983215332
2020-08-12,58.53892286691093,57.9119987487793
2020-08-13,58.5517873354315,58.67399978637695
2020-08-14,58.53485526056339,58.374000549316406
2020-08-17,58.58677398156256,59.08000183105469
2020-08-18,58.7007955449117,59.784000396728516
2020-08-19,58.798814973228325,59.72999954223633
2020-08-20,59.000070570899844,60.9119987487793
2020-08-21,59.142730621160126,60.49800109863281
2020-08-24,59.28989910727267,60.6879997253418
2020-08-25,59.48686125981664,61.358001708984375
2020-08-26,59.98144593080323,64.68000030517578
2020-08-27,60.401308164978964,64.38999938964844
2020-08-28,60.83908844437457,64.99800109863281
2020-08-31,61.21765173450296,64.81400299072266
2020-09-01,61.72625620333378,66.55799865722656
2020-09-02,62.21937459621755,66.90399932861328
2020-09-03,62.318672352539465,63.262001037597656
2020-09-04,62.231370264416284,61.402000427246094
2020-09-08,61.9491446731763,59.268001556396484
2020-09-09,61.854559588277446,60.95600128173828
2020-09-10,61.69698255729287,60.20000076293945
2020-09-11,61.473841370079526,59.354000091552734
2020-09-14,61.37633274082809,60.45000076293945
2020-09-15,61.391729451174264,61.53799819946289
2020-09-16,61.316326500978725,60.599998474121094
2020-09-17,61.176105098030234,59.84400177001953
2020-09-18,61.01933306767468,59.529998779296875
2020-09-21,60.97825384706002,60.5880012512207
2020-09-22,61.061467879738636,61.85200119018555
2020-09-23,60.9758041529806,60.1619987487793
2020-09-24,60.87487045900254,59.91600036621094
2020-09-25,60.94469248281033,61.608001708984375
2020-09-28,61.07415042297051,62.30400085449219
2020-09-29,61.172802821768705,62.11000061035156
2020-09-30,61.27291674573716,62.2239990234375
2020-10-01,61.47778179722667,63.42399978637695
2020-10-02,61.54389790082506,62.172000885009766
2020-10-05,61.694955345328886,63.130001068115234
2020-10-06,61.78534064644805,62.64400100708008
2020-10-07,62.00197463808097,64.05999755859375
2020-10-08,62.20292938795124,64.11199951171875
2020-10-09,62.4982695276218,65.30400085449219
2020-10-12,62.8586245898163,66.28199768066406
2020-10-13,63.23475545337918,66.80799865722656
2020-10-14,63.530492680475504,66.33999633789062
2020-10-15,63.775017146406775,66.0979995727539
2020-10-16,64.0198727202144,66.34600067138672
2020-10-19,64.18178972026094,65.72000122070312
2020-10-20,64.29419065278073,65.36199951171875
2020-10-21,64.38445790157654,65.24199676513672
2020-10-22,64.43812839160496,64.947998046875
2020-10-23,64.53773532189668,65.48400115966797
2020-10-26,64.47356990200994,63.86399841308594
2020-10-27,64.47113448723519,64.447998046875
2020-10-28,64.25464566574348,62.198001861572266
2020-10-29,64.0922983868213,62.54999923706055
2020-10-30,63.790936769391514,60.928001403808594
2020-11-02,63.48075235294742,60.534000396728516
2020-11-03,63.32163321202776,61.810001373291016
2020-11-04,63.46185849833576,64.79399871826172
2020-11-05,63.730633553925806,66.28399658203125
2020-11-06,64.02143003279299,66.78399658203125
2020-11-09,64.05481780566501,64.37200164794922
2020-11-10,63.88693037816306,62.29199981689453
2020-11-11,63.90112778146114,64.03600311279297
2020-11-12,63.9004490410439,63.89400100708008
2020-11-13,63.92269224528228,64.13400268554688
2020-11-16,63.9380548537115,64.08399963378906
2020-11-17,64.01195409499678,64.71399688720703
2020-11-18,64.0348155051273,64.25199890136719
2020-11-19,64.16788061954783,65.43199920654297
2020-11-20,64.28332029896403,65.37999725341797
2020-11-23,64.3793850149574,65.29199981689453
2020-11-24,64.48268138374308,65.46399688720703
2020-11-25,64.64509301767603,66.18800354003906
2020-11-27,64.89241718410085,67.24199676513672
2020-11-30,65.14475838722406,67.54199981689453
2020-12-01,65.32354360499588,67.02200317382812
2020-12-02,65.44358703630951,66.58399963378906
2020-12-03,65.5857213194493,66.93599700927734
2020-12-04,65.78136684994446,67.63999938964844
2020-12-07,65.9939985727083,68.01399993896484
2020-12-08,66.22847502118735,68.45600128173828
2020-12-09,66.28690624475544,66.84200286865234
2020-12-10,66.41901075488104,67.67400360107422
2020-12-11,66.5665337610196,67.96800231933594
2020-12-14,66.74114973862525,68.4000015258789
2020-12-15,66.91818295152962,68.5999984741211
2020-12-16,67.17892726376303,69.65599822998047
2020-12-17,67.5213153410423,70.77400207519531
2020-12-18,67.92671386836491,71.77799987792969
2020-12-21,68.28340750664563,71.6719970703125
2020-12-22,68.73413049080624,73.01599884033203
2020-12-23,69.04878492160185,72.03800201416016
2020-12-24,69.33709077658509,72.07599639892578
2020-12-28,69.50003418081471,71.0479965209961
2020-12-29,69.61145932254144,70.66999816894531
2020-12-30,69.71151105977336,70.66200256347656
2020-12-31,69.81708140596868,70.81999969482422
2021-01-04,69.78059728234406,69.43399810791016
2021-01-05,69.77330252977521,69.7040023803711
2021-01-06,69.60765434427579,68.03399658203125
2021-01-07,69.63568730455867,69.9020004272461
2021-01-08,69.7680981304638,71.0260009765625
2021-01-11,69.82808903465883,70.39800262451172
2021-01-12,69.88789020104736,70.45600128173828
2021-01-13,69.92637683112804,70.29199981689453
2021-01-14,69.9295789504942,69.95999908447266
2021-01-15,69.89609551994118,69.5780029296875
2021-01-19,69.9606576130476,70.5739974975586
2021-01-20,70.14954738743741,71.94400024414062
2021-01-21,70.29568555129195,71.68399810791016
2021-01-22,70.4357153883434,71.76599884033203
2021-01-25,70.54107581011017,71.54199981689453
2021-01-26,70.59849689413613,71.14399719238281
2021-01-27,70.49292555791074,69.48999786376953
2021-01-28,70.52159919222987,70.79399871826172
2021-01-29,70.45020909523923,69.77200317382812
2021-02-01,70.55095139425104,71.50800323486328
2021-02-02,70.82019396166055,73.37799835205078
2021-02-03,71.02798490829929,73.00199890136719
2021-02-04,71.3297005499382,74.19599914550781
2021-02-05,71.72039566009104,75.43199920654297
2021-02-08,72.08892905797673,75.58999633789062
2021-02-09,72.4835074580076,76.23200225830078
2021-02-10,72.82584036007235,76.0780029296875
2021-02-11,73.18452250374663,76.59200286865234
2021-02-12,73.56466345600329,77.1760025024414
2021-02-16,73.88783838239397,76.95800018310547
2021-02-17,74.10937728761425,76.21399688720703
2021-02-18,74.28905585043819,75.99600219726562
2021-02-19,74.46209841778857,76.10600280761719
2021-02-22,74.39923208782061,73.802001953125
2021-02-23,74.26806742934514,73.02200317382812
2021-02-24,74.21644176224605,73.72599792480469
2021-02-25,73.89582811575796,70.8499984741211
2021-02-26,73.61241573987105,70.91999816894531
2021-03-01,73.5619000248759,73.08200073242188
2021-03-02,73.3803855682192,71.65599822998047
2021-03-03,72.93406315640219,68.69400024414062
2021-03-04,72.34967585779208,66.7979965209961
2021-03-05,71.86894500972855,67.302001953125
2021-03-08,71.24942628623877,65.36399841308594
2021-03-09,70.96262368396863,68.23799896240234
2021-03-10,70.6591358070728,67.7760009765625
2021-03-11,70.58569434814028,69.88800048828125
2021-03-12,70.44724762776309,69.13200378417969
2021-03-15,70.37893864958885,69.7300033569336
2021-03-16,70.2822776746838,69.36399841308594
2021-03-17,70.18434625830766,69.25399780273438
2021-03-18,69.85726566227835,66.75
2021-03-19,69.623050134872,67.39800262451172
2021-03-22,69.5065693149679,68.4000015258789
2021-03-23,69.40327672023882,68.4219970703125
2021-03-24,69.13344081305648,66.56999969482422
2021-03-25,68.86473182704738,66.31199645996094
2021-03-26,68.75266246637992,67.68800354003906
2021-03-29,68.59659922320907,67.11399841308594
2021-03-30,68.42225632960174,66.76599884033203
2021-03-31,68.40908873459503,68.28399658203125
2021-04-01,68.5522233849647,69.91200256347656
2021-04-05,68.75696434630177,70.7020034790039
2021-04-06,68.98030082527191,71.10199737548828
2021-04-07,69.17055758726238,70.97799682617188
2021-04-08,69.4678377996083,72.29199981689453
2021-04-09,69.78061504739486,72.75199890136719
2021-04-12,70.08017575739929,72.9260025024414
2021-04-13,70.46282564457591,74.0979995727539
2021-04-14,70.7376041139262,73.3479995727539
2021-04-15,71.11516595821931,74.7020034790039
2021-04-16,71.40743568676129,74.18399810791016
2021-04-19,71.57872764818767,73.20600128173828
2021-04-20,71.66094419052916,72.44200134277344
2021-04-21,71.76352083546946,72.73799896240234
2021-04-22,71.84604239908361,72.62999725341797
2021-04-23,72.02184801276836,73.69200134277344
2021-04-26,72.25995802810739,74.52200317382812
2021-04-27,72.44605696706925,74.21399688720703
2021-04-28,72.5929085856724,73.98799896240234
2021-04-29,72.62653625803767,72.94599914550781
2021-04-30,72.59715192807761,72.31800079345703
2021-05-03,72.46485176188978,71.20800018310547
2021-05-04,72.18400862650333,69.51599884033203
2021-05-05,71.87848379777012,68.97599792480469
2021-05-06,71.56986633972356,68.63800048828125
2021-05-07,71.35368888372683,69.30000305175781
2021-05-10,71.00800413512785,67.7239990234375
2021-05-11,70.7653369874464,68.45999908447266
2021-05-12,70.3814002419437,66.73400115966797
2021-05-13,70.03250520169533,66.71800231933594
2021-05-14,69.88826639598142,68.51799774169922
2021-05-17,69.71243148368742,68.04199981689453
2021-05-18,69.55639015167515,68.0739974975586
2021-05-19,69.44625790159931,68.4000015258789
2021-05-20,69.5003285718246,70.01399993896484
2021-05-21,69.52620234344398,69.77200317382812
2021-05-24,69.65894480301554,70.91999816894531
2021-05-25,69.79295024007024,71.06600189208984
2021-05-26,69.97133596636935,71.66600036621094
2021-05-27,70.08511352825903,71.16600036621094
2021-05-28,70.24653117121501,71.77999877929688
2021-06-01,70.35200403841887,71.35399627685547
2021-06-02,70.45867033209996,71.47200012207031
2021-06-03,70.47155904047325,70.59400177001953
2021-06-04,70.62855367915029,72.12000274658203
2021-06-07,70.82507250425725,72.69200134277344
2021-06-08,71.01868480946936,72.85800170898438
2021-06-09,71.19461933375354,72.86599731445312
2021-06-10,71.47570356131459,74.14600372314453
2021-06-11,71.8016368054286,74.89800262451172
2021-06-14,72.18471877610764,75.8239974975586
2021-06-15,72.43017422958289,74.76200103759766
2021-06-16,72.6122531475895,74.34200286865234
2021-06-17,72.89946697658581,75.62799835205078
2021-06-18,73.18275588827444,75.8740005493164
2021-06-21,73.46687440998268,76.16600036621094
2021-06-22,73.8033625614129,77.0
2021-06-23,74.10780422223071,77.0
2021-06-24,74.44858448766372,77.68599700927734
2021-06-25,74.76033835760721,77.72200012207031
2021-06-28,75.13230616795043,78.66600036621094
2021-06-29,75.50313424496112,79.0260009765625
2021-06-30,75.74169319638037,78.00800323486328
2021-07-01,75.9619129733434,78.05400085449219
2021-07-02,76.25849234720839,79.07599639892578
2021-07-06,76.60720718737382,79.91999816894531
2021-07-07,76.92442588762765,79.93800354003906
2021-07-08,77.14209952542241,79.20999908447266
2021-07-09,77.38685175974787,79.71199798583984
2021-07-12,77.55381820069078,79.13999938964844
2021-07-13,77.70088309326823,79.0979995727539
2021-07-14,77.7800368634964,78.53199768066406
2021-07-15,77.7606044382992,77.57599639892578
2021-07-16,77.7586419073916,77.73999786376953
2021-07-19,77.72200939709873,77.3740005493164
2021-07-20,77.82962729980251,78.85199737548828
2021-07-21,77.98432968842809,79.4540023803711
2021-07-22,78.22067956743196,80.46600341796875
2021-07-23,78.53585282570481,81.52999877929688
2021-07-26,78.8006289272653,81.31600189208984
2021-07-27,78.93695019688772,80.23200225830078
2021-07-28,79.12009785531285,80.86000061035156
2021-07-29,79.29456505756914,80.9520034790039
2021-07-30,79.42232091750677,80.63600158691406
2021-08-02,79.540004366444,80.65799713134766
2021-08-03,79.65105169171011,80.70600128173828
2021-08-04,79.83247531686719,81.55599975585938
2021-08-05,80.066906117,82.29399871826172
2021-08-06,80.24262958809301,81.91200256347656
2021-08-09,80.40561747307187,81.9540023803711
2021-08-10,80.45860609333549,80.96199798583984
2021-08-11,80.48692900864654,80.75599670410156
2021-08-12,80.58855489872708,81.55400085449219
2021-08-13,80.70126425826052,81.77200317382812
2021-08-16,80.74704853904932,81.18199920654297
2021-08-17,80.73475784159893,80.61799621582031
2021-08-18,80.68897117123088,80.25399780273438
2021-08-19,80.70106933512221,80.81600189208984
2021-08-20,80.80515784780216,81.79399871826172
2021-08-23,81.02580963829236,83.12200164794922
2021-08-24,81.27763711740216,83.66999816894531
2021-08-25,81.52338612612428,83.85800170898438
2021-08-26,81.71030173897293,83.48600006103516
2021-08-27,82.00132051053095,84.76599884033203
2021-08-30,82.30176600762137,85.15599822998047
2021-08-31,82.52388378647142,84.63400268554688
2021-09-01,82.7524666259574,84.92400360107422
2021-09-02,82.95127897947485,84.83999633789062
2021-09-03,83.20677647529124,85.63400268554688
2021-09-07,83.35070274615263,84.71800231933594
2021-09-08,83.4296834660596,84.18000030517578
2021-09-09,83.4876185658787,84.03800201416016
2021-09-10,83.49089329044533,83.52200317382812
2021-09-13,83.39347510272063,82.46800231933594
2021-09-14,83.32285846696115,82.6520004272461
2021-09-15,83.3361098497115,83.46199798583984
2021-09-16,83.39686119959018,83.9739990234375
2021-09-17,83.3984936058048,83.41400146484375
2021-09-20,83.25997042850345,81.94400024414062
2021-09-21,83.14987765215602,82.10399627685547
2021-09-22,83.12265105795888,82.86399841308594
2021-09-23,83.2258272697474,84.20600128173828
2021-09-24,83.34489114165761,84.47599792480469
2021-09-27,83.3173776763435,83.05599975585938
2021-09-28,83.00562729938332,80.04399871826172
2021-09-29,82.70604380518982,79.86000061035156
2021-09-30,82.4319446741896,79.8280029296875
2021-10-01,82.29594973405099,81.00399780273438
2021-10-04,81.94128772092151,78.5719985961914
2021-10-05,81.74783209627273,79.91000366210938
2021-10-06,81.61965765160353,80.4020004272461
2021-10-07,81.60007134810259,81.41400146484375
2021-10-08,81.52615955281269,80.8239974975586
2021-10-11,81.44062039083536,80.62799835205078
2021-10-12,81.45084668894592,81.5479965209961
2021-10-13,81.61895685361476,83.21600341796875
2021-10-14,81.8960085702162,84.52799987792969
2021-10-15,82.16724616313832,84.74400329589844
2021-10-18,82.50255638950982,85.68800354003906
2021-10-19,82.8785031093891,86.44999694824219
2021-10-20,83.20359803391344,86.29199981689453
2021-10-21,83.5823030121289,87.18000030517578
2021-10-22,83.87351219094029,86.63999938964844
2021-10-25,84.17832031538012,87.0739974975586
2021-10-26,84.43314659742539,86.85399627685547
2021-10-27,84.59151365208837,86.09600067138672
2021-10-28,84.83308362351335,87.12799835205078
2021-10-29,85.11678960793694,87.81199645996094
2021-11-01,85.3549997610687,87.61799621582031
2021-11-02,85.58842833200114,87.80599975585938
2021-11-03,85.77905385637158,87.58999633789062
2021-11-04,86.03647751369817,88.48200225830078
2021-11-05,86.20462269840549,87.802001953125
2021-11-08,86.46799208148144,88.97000122070312
2021-11-09,86.73808815510151,89.30400085449219
2021-11-10,86.73979373119676,86.75599670410156
2021-11-11,86.78095595396968,87.1719970703125
2021-11-12,86.9570551253457,88.62999725341797
2021-11-15,87.07085943981241,88.1520004272461
2021-11-16,87.26944408649508,89.15599822998047
2021-11-17,87.37711622357926,88.4000015258789
2021-11-18,87.39720014862158,87.58799743652344
2021-11-19,87.44241933903373,87.87200164794922
2021-11-22,87.24695077242562,85.38999938964844
2021-11-23,86.94362179028613,84.06199645996094
2021-11-24,86.70594333853269,84.447998046875
2021-11-26,86.41375830517542,83.63800048828125
2021-11-29,86.30844786251363,85.30799865722656
2021-11-30,85.99145314769649,82.9800033569336
2021-12-01,85.36826694761825,79.447998046875
2021-12-02,84.93414605342545,80.80999755859375
2021-12-03,84.28213189943479,78.08799743652344
2021-12-06,83.7015476241817,78.18599700927734
2021-12-07,83.46025730450516,81.16799926757812
2021-12-08,83.31642298486108,81.94999694824219
2021-12-09,83.00933535474596,80.09200286865234
2021-12-10,82.83777962411354,81.20800018310547
2021-12-13,82.66484853361017,81.02200317382812
2021-12-14,82.25429117582401,78.35399627685547
2021-12-15,82.07064405421465,80.32599639892578
2021-12-16,81.66410671125374,77.802001953125
2021-12-17,81.328858185647,78.14399719238281
2021-12-20,80.90744305640568,76.90399932861328
2021-12-21,80.72825809642062,79.0260009765625
2021-12-22,80.6099478073363,79.48600006103516
2021-12-23,80.5531908674914,80.01399993896484
2021-12-27,80.59936335765033,81.03800201416016
2021-12-28,80.5605669752811,80.19200134277344
2021-12-29,80.51479886630716,80.08000183105469
2021-12-30,80.49148436885567,80.2699966430664
2021-12-31,80.39991431270721,79.52999877929688
2022-01-03,80.2302078272894,78.61799621582031
2022-01-04,79.91114015358735,76.87999725341797
2022-01-05,79.26150740923529,73.08999633789062
2022-01-06,78.6815540436236,73.1719970703125
2022-01-07,78.09816792097939,72.55599975585938
2022-01-10,77.63548505838797,73.23999786376953
2022-01-11,77.34048667322342,74.53800201416016
2022-01-12,77.05244050359165,74.31600189208984
2022-01-13,76.48858938745718,71.13200378417969
2022-01-14,76.0047234583039,71.40799713134766
2022-01-18,75.44179758322919,70.09400177001953
2022-01-19,74.9397214485355,70.16999816894531
2022-01-20,74.43974820976128,69.69000244140625
2022-01-21,73.80034342071778,67.72599792480469
2022-01-24,73.35783445956497,69.15399932861328
2022-01-25,72.71099326266257,66.56600189208984
2022-01-26,72.05889851508385,65.86399841308594
2022-01-27,71.46852728606173,65.86000061035156
2022-01-28,71.17685785214924,68.40599822998047
2022-01-31,71.16134757470311,71.01399993896484
2022-02-01,71.18655280591628,71.4260025024414
2022-02-02,71.14059562253102,70.7040023803711
2022-02-03,70.84130090596929,67.99800109863281
2022-02-04,70.7813672945284,70.21199798583984
2022-02-07,70.69037959018529,69.82599639892578
2022-02-08,70.68386740521042,70.62200164794922
2022-02-09,70.8934040985758,72.88400268554688
2022-02-10,70.97365133309575,71.73600006103516
2022-02-11,70.81063701923878,69.26200103759766
2022-02-14,70.64771906256091,69.0999984741211
2022-02-15,70.63955500517044,70.56199645996094
2022-02-16,70.58150203127771,70.02999877929688
2022-02-17,70.23583550248972,66.9520034790039
2022-02-18,69.78651762050967,65.51799774169922
2022-02-22,69.3281825160266,64.9739990234375
2022-02-23,68.75921276131481,63.354000091552734
2022-02-24,68.61204934473312,67.21399688720703
2022-02-25,68.52880645117781,67.73799896240234
2022-02-28,68.51692005855263,68.40399932861328
2022-03-01,68.45035631901972,67.81800079345703
2022-03-02,68.48841747664842,68.8499984741211
2022-03-03,68.35694930829946,67.10800170898438
2022-03-04,68.10085882823076,65.66799926757812
2022-03-07,67.60058651818534,62.847999572753906
2022-03-08,67.08567353970489,62.194000244140625
2022-03-09,66.90722824886059,65.21199798583984
2022-03-10,66.65130186522654,64.22000122070312
2022-03-11,66.23289210855411,62.257999420166016
2022-03-14,65.68271202980975,60.45600128173828
2022-03-15,65.32988237372017,61.97800064086914
2022-03-16,65.25713185166013,64.56600189208984
2022-03-17,65.33378562387927,66.06199645996094
2022-03-18,65.58790117411621,68.00199890136719
2022-03-21,65.75895846091913,67.38400268554688
2022-03-22,66.07258165065302,69.052001953125
2022-03-23,66.19385965262767,67.34600067138672
2022-03-24,66.41501576574237,68.51599884033203
2022-03-25,66.5301571737018,67.6240005493164
2022-03-28,66.78385651374359,69.19400024414062
2022-03-29,67.17225108497931,70.86199951171875
2022-03-30,67.39470367068255,69.50800323486328
2022-03-31,67.54644607941776,68.98799896240234
2022-04-01,67.69497529162723,69.10600280761719
2022-04-04,67.98993000831935,70.79199981689453
2022-04-05,68.08631752194296,69.00199890136719
2022-04-06,67.972763204842,66.89399719238281
2022-04-07,67.89478569282021,67.15399932861328
2022-04-08,67.72537727583287,66.11599731445312
2022-04-11,67.50067442236814,65.36599731445312
2022-04-12,67.2535624040455,64.90599822998047
2022-04-13,67.16408055515761,66.31400299072266
2022-04-14,66.93035851033048,64.70999908447266
2022-04-18,66.65394340248278,64.02799987792969
2022-04-19,66.5676631830685,65.74800109863281
2022-04-20,66.39626647436667,64.76799774169922
2022-04-21,66.04938410703953,62.75400161743164
2022-04-22,65.58334735684343,61.15599822998047
2022-04-25,65.26931420839126,62.2859992980957
2022-04-26,64.76556995447174,59.97999954223633
2022-04-27,64.31170614928395,60.0
2022-04-28,64.13192459091185,62.42399978637695
2022-04-29,63.73745574210756,59.9900016784668
2022-05-02,63.48836487599724,61.12200164794922
2022-05-03,63.21594901657377,60.62799835205078
2022-05-04,63.14414451980837,62.46200180053711
2022-05-05,62.73708303524422,58.869998931884766
2022-05-06,62.19374193620775,57.03200149536133
2022-05-09,61.40957595032822,53.959999084472656
2022-05-10,60.76714028504398,54.66400146484375
2022-05-11,60.01274603612424,52.84600067138672
2022-05-12,59.375722729089155,53.32400131225586
2022-05-13,59.049653865776534,55.95199966430664
2022-05-16,58.628543816850275,54.62799835205078
2022-05-17,58.338396856428524,55.582000732421875
2022-05-18,57.86578757969091,53.375999450683594
2022-05-19,57.52599831835781,54.29800033569336
2022-05-20,57.281427067381394,54.95800018310547
2022-05-23,57.11500547970017,55.534000396728516
2022-05-24,56.78043364260354,53.60200119018555
2022-05-25,56.63048770347351,55.20600128173828
2022-05-26,56.60758405453779,56.38999938964844
2022-05-27,56.77143310791421,58.327999114990234
2022-05-31,56.80977279157733,57.17399978637695
2022-06-01,56.87531834463023,57.49800109863281
2022-06-02,57.186049977358905,60.13800048828125
2022-06-03,57.33366427104236,58.736000061035156
2022-06-06,57.46779153854632,58.742000579833984
2022-06-07,57.68057326480921,59.70199966430664
2022-06-08,57.83480430978553,59.29999923706055
2022-06-09,57.83568025837924,57.84400177001953
2022-06-10,57.59361534979662,55.29399871826172
2022-06-13,57.075175937994935,52.150001525878906
2022-06-14,56.63449269262135,52.448001861572266
2022-06-15,56.36835054595149,53.84000015258789
2022-06-16,55.89974590934395,51.448001861572266
2022-06-17,55.572150973641925,52.459999084472656
2022-06-21,55.367946252705416,53.428001403808594
2022-06-22,55.192713264631536,53.52799987792969
2022-06-23,55.21988349093988,55.47800064086914
2022-06-24,55.469799517518894,57.84400177001953
2022-06-27,55.594008921612144,56.77399826049805
2022-06-28,55.506007897548635,54.66999816894531
2022-06-29,55.441435632543076,54.827999114990234
2022-06-30,55.29672756134943,53.922000885009766
2022-07-01,55.249991579874184,54.805999755859375
2022-07-05,55.34275419354688,56.2239990234375
2022-07-06,55.43430149458929,56.30400085449219
2022-07-07,55.62493952595932,57.43600082397461
2022-07-08,55.77837386263321,57.236000061035156
2022-07-11,55.823290637620524,56.25
2022-07-12,55.664691619375226,54.15800094604492
2022-07-13,55.47376859347398,53.65999984741211
2022-07-14,55.25683816985815,53.19599914550781
2022-07-15,55.1874249991983,54.52799987792969
2022-07-18,55.09319422418629,54.198001861572266
2022-07-19,55.15689011117785,55.762001037597656
2022-07-20,55.39242448802903,57.630001068115234
2022-07-21,55.704193619284446,58.66600036621094
2022-07-22,55.870460966299206,57.45000076293945
2022-07-25,55.95403621699764,56.74800109863281
2022-07-26,55.86222340380423,54.9900016784668
2022-07-27,56.00296404654553,57.34000015258789
2022-07-28,56.23201517983119,58.40800094604492
2022-07-29,56.501537569814715,59.0620002746582
2022-08-01,56.74024822222913,59.007999420166016
2022-08-02,56.96555781943778,59.10599899291992
2022-08-03,57.34979040806275,61.0
2022-08-04,57.70771529386481,61.108001708984375
2022-08-05,58.04259945858602,61.2239990234375
2022-08-08,58.34597099975584,61.22800064086914
2022-08-09,58.53245003354026,60.30400085449219
2022-08-10,58.91869300665268,62.5880012512207
2022-08-11,59.20053161097631,61.87799835205078
2022-08-12,59.569433487288656,63.07400131225586
2022-08-15,59.93901132306492,63.45000076293945
2022-08-16,60.238724390883135,63.08599853515625
2022-08-17,60.41027453608734,62.040000915527344
2022-08-18,60.5605340052602,61.987998962402344
2022-08-19,60.56562585362455,60.61399841308594
2022-08-22,60.41328049644807,58.965999603271484
2022-08-23,60.26325390166451,58.8380012512207
2022-08-24,60.163325025496874,59.2140007019043
2022-08-25,60.120532232773776,59.7140007019043
2022-08-26,59.88010065549882,57.59600067138672
2022-08-29,59.5819958311656,56.75
2022-08-30,59.30104384433863,56.63199996948242
2022-08-31,59.01103971809674,56.25600051879883
2022-09-01,58.67170277938013,55.448001861572266
2022-09-02,58.33020713707309,55.08599853515625
2022-09-06,57.97990173613718,54.652000427246094
2022-09-07,57.77076827524112,55.784000396728516
2022-09-08,57.65298085823992,56.534000396728516
2022-09-09,57.6995539470757,58.141998291015625
2022-09-12,57.8119774824128,58.880001068115234
2022-09-13,57.651979624038475,56.13199996948242
2022-09-14,57.509886311978825,56.15999984741211
2022-09-15,57.20894461313524,54.349998474121094
2022-09-16,56.83933075616905,53.327999114990234
2022-09-19,56.52548960970168,53.54399871826172
2022-09-20,56.16668102022209,52.757999420166016
2022-09-21,55.7729020178544,52.03200149536133
2022-09-22,55.340625745646165,51.23400115966797
2022-09-23,54.87542341575018,50.45600128173828
2022-09-26,54.4248117577816,50.14400100708008
2022-09-27,54.05406792326538,50.53200149536133
2022-09-28,53.82244256371146,51.62200164794922
2022-09-29,53.53059083575475,50.757999420166016
2022-09-30,53.196820372974535,50.0260009765625
2022-10-03,53.03236140609154,51.470001220703125
2022-10-04,53.067945865509536,53.40599822998047
2022-10-05,53.12033197646268,53.61800003051758
2022-10-06,53.152681224844585,53.459999084472656
2022-10-07,52.97909271115031,51.33000183105469
2022-10-10,52.68356001967729,49.875999450683594
2022-10-11,52.3329351512668,49.00199890136719
2022-10-12,52.01856051737104,49.03200149536133
2022-10-13,51.79907863018373,49.7140007019043
2022-10-14,51.47630922230071,48.40999984741211
2022-10-17,51.35989897421794,50.25400161743164
2022-10-18,51.335718023618135,51.10599899291992
2022-10-19,51.257840264835124,50.518001556396484
2022-10-20,51.222617428972846,50.88800048828125
2022-10-21,51.275320623981386,51.7760009765625
2022-10-24,51.36548057618033,52.22200012207031
2022-10-25,51.5710536889725,53.52399826049805
2022-10-26,51.66771510289476,52.58599853515625
2022-10-27,51.78583756414716,52.90800094604492
2022-10-28,51.98318653032213,53.858001708984375
2022-10-31,52.12954976150704,53.52000045776367
2022-11-01,52.19530689801344,52.81999969482422
2022-11-02,52.02413469913735,50.39799880981445
2022-11-03,51.74888366787185,49.13399887084961
2022-11-04,51.425561422508125,48.354000091552734
2022-11-07,51.19417446632338,48.99599838256836
2022-11-08,51.04730074831602,49.652000427246094
2022-11-09,50.81041509355173,48.560001373291016
2022-11-10,51.016089962804244,52.970001220703125
2022-11-11,51.331319510501274,54.32600021362305
2022-11-14,51.552908218648284,53.65800094604492
2022-11-15,51.87110753183226,54.89400100708008
2022-11-16,52.0506211496386,53.75600051879883
2022-11-17,52.10389538399222,52.61000061035156
2022-11-18,52.129619685451665,52.374000549316406
2022-11-21,52.092132102173906,51.736000061035156
2022-11-22,52.14602437301876,52.65800094604492
2022-11-23,52.268307795128955,53.43000030517578
2022-11-25,52.3671356009128,53.305999755859375
2022-11-28,52.379979724765604,52.50199890136719
2022-11-29,52.352552994212225,52.09199905395508
2022-11-30,52.54545255210161,54.37799835205078
2022-12-01,52.77750454176846,54.981998443603516
2022-12-02,52.92955178058255,54.374000549316406
2022-12-05,52.873975484468666,52.34600067138672
2022-12-06,52.73912069386265,51.45800018310547
2022-12-07,52.591585258895634,51.189998626708984
2022-12-08,52.546291532253235,52.11600112915039
2022-12-09,52.48150197005297,51.86600112915039
2022-12-12,52.5407875054339,53.104000091552734
2022-12-13,52.67671236250102,53.96799850463867
2022-12-14,52.78864463180431,53.85200119018555
2022-12-15,52.71125007063266,51.97600173950195
2022-12-16,52.603892886171366,51.58399963378906
2022-12-19,52.434188668078036,50.821998596191406
2022-12-20,52.305980342663055,51.0880012512207
2022-12-21,52.2463631962357,51.68000030517578
2022-12-22,52.09813799913792,50.689998626708984
2022-12-23,51.961362832437096,50.6619987487793
2022-12-27,51.80770918865774,50.347999572753906
2022-12-28,51.6161179739595,49.79600143432617
2022-12-29,51.58296402942969,51.268001556396484
2022-12-30,51.543633947478796,51.16999816894531
2023-01-03,51.518145093105815,51.2760009765625
2023-01-04,51.52879804310671,51.630001068115234
2023-01-05,51.3803412028778,49.970001220703125
2023-01-06,51.316880202785086,50.7140007019043
2023-01-09,51.35908192838015,51.7599983215332
2023-01-10,51.40221700897806,51.8120002746582
2023-01-11,51.52010104523239,52.63999938964844
2023-01-12,51.66656748446992,53.05799865722656
2023-01-13,51.81318022706691,53.20600128173828
2023-01-17,51.962972737528546,53.38600158691406
2023-01-18,52.03487995344379,52.71799850463867
2023-01-19,52.06222458608642,52.321998596191406
2023-01-20,52.24753647504638,54.007999420166016
2023-01-23,52.53329501062604,55.24800109863281
2023-01-24,52.758314524704254,54.895999908447266
2023-01-25,52.952951059344585,54.801998138427734
2023-01-26,53.258193905697,56.15800094604492
2023-01-27,53.561032555186976,56.4379997253418
2023-01-30,53.743219837877504,55.4739990234375
2023-01-31,53.99567518732537,56.39400100708008
2023-02-01,54.377229826757926,58.00199890136719
2023-02-02,54.8605412398578,59.45199966430664
2023-02-03,55.140489620543775,57.79999923706055
2023-02-06,55.30806218295664,56.900001525878906
2023-02-07,55.58538971036106,58.220001220703125
2023-02-08,55.79268602724074,57.762001037597656
2023-02-09,55.97585874876748,57.715999603271484
2023-02-10,56.068253072266565,56.94599914550781
2023-02-13,56.23394312797704,57.80799865722656
2023-02-14,56.44537697918626,58.45399856567383
2023-02-15,56.69686474642149,59.08599853515625
2023-02-16,56.78497302275746,57.62200164794922
2023-02-17,56.800689950393846,56.95000076293945
2023-02-21,56.70519570137475,55.79800033569336
2023-02-22,56.672891456401,56.36600112915039
2023-02-23,56.69090174738364,56.86199951171875
2023-02-24,56.5938635700147,55.672000885009766
2023-02-27,56.51121006234681,55.72600173950195
2023-02-28,56.442713848494215,55.79199981689453
2023-03-01,56.337883868061915,55.34199905395508
2023-03-02,56.37084712899984,56.683998107910156
2023-03-03,56.500480587533524,57.731998443603516
2023-03-06,56.614720604238855,57.70000076293945
2023-03-07,56.66322345615101,57.124000549316406
2023-03-08,56.71967841449842,57.25600051879883
2023-03-09,56.64770910853707,55.9640007019043
2023-03-10,56.43840355181349,54.45000076293945
2023-03-13,56.28065097500852,54.78200149536133
2023-03-14,56.255827116223294,56.02000045776367
2023-03-15,56.22289118586032,55.90999984741211
2023-03-16,56.33899691509014,57.44200134277344
2023-03-17,56.42347356503412,57.22600173950195
2023-03-20,56.502952217903825,57.257999420166016
2023-03-21,56.67486140260122,58.30799865722656
2023-03-22,56.717826930990014,57.125999450683594
2023-03-23,56.83974828028933,57.99800109863281
2023-03-24,56.969486507338594,58.20199966430664
2023-03-27,57.09201165128719,58.25600051879883
2023-03-28,57.18191523669752,58.0359992980957
2023-03-29,57.361352061020604,59.066001892089844
2023-03-30,57.56141394097456,59.46200180053711
2023-03-31,57.883183911044505,60.939998626708984
2023-04-03,58.13259486250381,60.50199890136719
2023-04-04,58.35882386799545,60.507999420166016
2023-04-05,58.48979313386902,59.73400115966797
2023-04-06,58.62828904913299,59.944000244140625
2023-04-10,58.74730898274421,59.87799835205078
2023-04-11,58.823946045190254,59.551998138427734
2023-04-12,58.88337993246473,59.448001861572266
2023-04-13,59.04267705850231,60.555999755859375
2023-04-14,59.15842204532743,60.257999420166016
2023-04-17,59.288858029384784,60.52799987792969
2023-04-18,59.419061858012945,60.65599822998047
2023-04-19,59.52467500276692,60.52799987792969
2023-04-20,59.57661068772476,60.06999969482422
2023-04-21,59.633504887596395,60.17399978637695
2023-04-24,59.64536150974588,59.757999420166016
2023-04-25,59.48561265211662,57.96799850463867
2023-04-26,59.35574493743401,58.12200164794922
2023-04-27,59.329292954344126,59.077999114990234
2023-04-28,59.3265030765076,59.29999923706055
2023-05-01,59.3131219095997,59.18600082397461
2023-05-02,59.220634018585926,58.34199905395508
2023-05-03,59.08228806980598,57.768001556396484
2023-05-04,58.93292729544016,57.513999938964844
2023-05-05,58.905219771209254,58.641998291015625
2023-05-08,58.901484662441746,58.86600112915039
2023-05-09,58.91581927920232,59.051998138427734
2023-05-10,59.00840796578127,59.88800048828125
2023-05-11,59.06170252079801,59.56800079345703
2023-05-12,59.09906404888142,59.45399856567383
2023-05-15,59.192867437920235,60.08399963378906
2023-05-16,59.2605942846529,59.90399932861328
2023-05-17,59.43901376905259,61.13399887084961
2023-05-18,59.740631409420914,62.60599899291992
2023-05-19,60.01047616207186,62.57400131225586
2023-05-22,60.29176421348448,62.9640007019043
2023-05-23,60.4502629818896,61.95600128173828
2023-05-24,60.56623786624088,61.667999267578125
2023-05-25,60.81688205627245,63.198001861572266
2023-05-26,61.184798079977526,64.68000030517578
2023-05-30,61.56396020247595,65.16600036621094
2023-05-31,61.948344799775484,65.5999984741211
2023-06-01,62.297264296151035,65.61199951171875
2023-06-02,62.65333465964075,66.03600311279297
2023-06-05,63.0173978277516,66.47599792480469
2023-06-06,63.36069342967519,66.62200164794922
2023-06-07,63.47834173840962,64.59600067138672
2023-06-08,63.66669026634568,65.45600128173828
2023-06-09,63.89386280794371,66.052001953125
2023-06-12,64.24873327829022,67.62000274658203
2023-06-13,64.61266341319822,68.06999969482422
2023-06-14,64.98155261775412,68.48600006103516
2023-06-15,65.44807115448401,69.87999725341797
2023-06-16,65.82996915720986,69.45800018310547
2023-06-20,66.11359101435431,68.80799865722656
2023-06-21,66.24905883325323,67.53600311279297
2023-06-22,66.40686258532249,67.90599822998047
2023-06-23,66.49592356468723,67.34200286865234
2023-06-26,66.52183539106932,66.76799774169922
2023-06-27,66.66832702607165,68.05999755859375
2023-06-28,66.83420099140858,68.41000366210938
2023-06-29,66.98332485183433,68.4000015258789
2023-06-30,67.19272240942563,69.18199920654297
2023-07-03,67.3477011985112,68.81999969482422
2023-07-05,67.4865867754015,68.80599975585938
2023-07-06,67.54367360966386,68.08599853515625
2023-07-07,67.58199032736329,67.94599914550781
2023-07-10,67.72865807218099,69.12200164794922
2023-07-11,67.95830962622551,70.13999938964844
2023-07-12,68.20266128803216,70.52400207519531
2023-07-13,68.53478901692493,71.69000244140625
2023-07-14,68.83985663077992,71.73799896240234
2023-07-17,69.20139424564984,72.63600158691406
2023-07-18,69.5930712689901,73.31400299072266
2023-07-19,69.95582642691924,73.4020004272461
2023-07-20,70.11298608222381,71.60600280761719
2023-07-21,70.27289215219245,71.79199981689453
2023-07-24,70.39642620387167,71.56999969482422
2023-07-25,70.56000450951113,72.11399841308594
2023-07-26,70.64152792443493,71.41600036621094
2023-07-27,70.66252521846195,70.86199951171875
2023-07-28,70.77961789203849,71.89199829101562
2023-07-31,70.978511065732,72.86799621582031
2023-08-01,71.16189090029212,72.90399932861328
2023-08-02,71.10761584965977,70.59200286865234
2023-08-03,71.01470041485214,70.13200378417969
2023-08-04,70.85596700131897,69.3479995727539
2023-08-07,70.75444642171978,69.79000091552734
2023-08-08,70.55421346986515,68.6520004272461
2023-08-09,70.29781214051788,67.86199951171875
2023-08-10,70.10754460825501,68.30000305175781
2023-08-11,69.92549265942195,68.19599914550781
2023-08-14,69.84535046650453,69.08399963378906
2023-08-15,69.71645963780283,68.49199676513672
2023-08-16,69.54365399870218,67.9020004272461
2023-08-17,69.28902054611932,66.87000274658203
2023-08-18,69.08473260766822,67.14399719238281
2023-08-21,69.01342460076232,68.33599853515625
2023-08-22,68.94357452252751,68.27999877929688
2023-08-23,68.98723413250072,69.4020004272461
2023-08-24,68.87683116080423,67.8280029296875
2023-08-25,68.90494219980502,69.1719970703125
2023-08-28,68.96199511436971,69.50399780273438
2023-08-29,69.14199532971433,70.85199737548828
2023-08-30,69.36523387555441,71.48600006103516
2023-08-31,69.61673509732081,72.00599670410156
2023-09-01,69.8762844088762,72.34200286865234
2023-09-05,70.144638297949,72.69400024414062
2023-09-06,70.39733908109635,72.7979965209961
2023-09-07,70.60959244962847,72.6259994506836
2023-09-08,70.81420300060321,72.75800323486328
2023-09-11,71.05551695985565,73.3479995727539
2023-09-12,71.07270582663465,71.23600006103516
2023-09-13,71.10254351808982,71.38600158691406
2023-09-14,71.16306308421481,71.73799896240234
2023-09-15,71.08886685577023,70.38400268554688
2023-09-18,71.01907027975567,70.35600280761719
2023-09-19,70.94772993340432,70.2699966430664
2023-09-20,70.82280342421477,69.63600158691406
2023-09-21,70.5537746313022,67.99800109863281
2023-09-22,70.32141499147208,68.11399841308594
2023-09-25,70.10985151362912,68.0999984741211
2023-09-26,69.8153892496358,67.01799774169922
2023-09-27,69.59201896116602,67.47000122070312
2023-09-28,69.43906478020118,67.98600006103516
2023-09-29,69.32601088697889,68.25199890136719
2023-10-02,69.25972387425881,68.62999725341797
2023-10-03,69.03574989874346,66.90799713134766
2023-10-04,68.93615446684119,67.98999786376953
2023-10-05,68.83804434904492,67.90599822998047
2023-10-06,68.92394468378059,69.73999786376953
2023-10-09,69.04585494059873,70.2040023803711
2023-10-10,69.1872019728557,70.52999877929688
2023-10-11,69.35280202329244,70.9260025024414
2023-10-12,69.47463076242455,70.63200378417969
2023-10-13,69.51095190958576,69.85600280761719
2023-10-16,69.62019431165832,70.65799713134766
2023-10-17,69.7531280762939,71.01599884033203
2023-10-18,69.77168712111116,69.947998046875
2023-10-19,69.74676474159871,69.51000213623047
2023-10-20,69.55697741408783,67.75399780273438
2023-10-23,69.38564653987596,67.75800323486328
2023-10-24,69.2894896742386,68.3759994506836
2023-10-25,69.02782397353916,66.54199981689453
2023-10-26,68.72669762505477,65.86599731445312
2023-10-27,68.45158332138512,65.83799743652344
2023-10-30,68.28590852752366,66.71199798583984
2023-10-31,68.21010751192803,67.48999786376953
2023-11-01,68.19447799837573,68.0459976196289
2023-11-02,68.29328983265431,69.23200225830078
2023-11-03,68.45221441867197,69.96199798583984
2023-11-06,68.58038414270284,69.7979965209961
2023-11-07,68.83082366096663,71.20999908447266
2023-11-08,69.10331677351965,71.69200134277344
2023-11-09,69.29195323640245,71.08399963378906
2023-11-10,69.63119543073131,72.85399627685547
2023-11-13,69.94517695197676,72.9280014038086
2023-11-14,70.41973166167503,74.9280014038086
2023-11-15,70.80928123068031,74.51000213623047
2023-11-16,71.1647782388912,74.54199981689453
2023-11-17,71.50927532858387,74.78199768066406
2023-11-20,71.93029675492596,75.93000030517578
2023-11-21,72.30855424752788,75.9020004272461
2023-11-22,72.64926351794561,75.88600158691406
2023-11-24,72.98114343866953,76.13400268554688
2023-11-27,73.27817725156969,76.0999984741211
2023-11-28,73.58882712432755,76.54000091552734
2023-11-29,73.98684337360105,77.76799774169922
2023-11-30,74.40657230872313,78.39399719238281
2023-12-01,74.89013696119406,79.48400115966797
2023-12-04,75.23393344108034,78.5
2023-12-05,75.54384444311101,78.48799896240234
2023-12-06,75.74728785854576,77.68000030517578
2023-12-07,75.97040295181671,78.08999633789062
2023-12-08,76.23398352425343,78.73799896240234
2023-12-11,76.54903269498115,79.54199981689453
2023-12-12,76.84760082954583,79.68399810791016
2023-12-13,77.20592461819399,80.61000061035156
2023-12-14,77.42726501448949,79.52999877929688
2023-12-15,77.70104948483574,80.302001953125
2023-12-18,78.00723528306195,80.91600036621094
2023-12-19,78.33226031981275,81.41999816894531
2023-12-20,78.51528293723385,80.25399780273438
2023-12-21,78.78506547395004,81.3479995727539
2023-12-22,79.0434402953484,81.49800109863281
2023-12-26,79.30197009911171,81.75800323486328
2023-12-27,79.52997286543516,81.69599914550781
2023-12-28,79.73359442754402,81.66799926757812
2023-12-29,79.86639480130657,81.12799835205078
2024-01-02,79.7718810630218,78.8740005493164
2024-01-03,79.5652254737329,77.60199737548828
2024-01-04,79.3595847838517,77.40599822998047
2024-01-05,79.1645763720526,77.31199645996094
2024-01-08,79.18909262902973,79.4219970703125
2024-01-09,79.24194126396961,79.74400329589844
2024-01-10,79.39394661373663,80.83799743652344
2024-01-11,79.5935705423112,81.48999786376953
2024-01-12,79.79761144885633,81.73600006103516
2024-01-16,79.9799339761881,81.71199798583984
2024-01-17,80.1111785221687,81.35800170898438
2024-01-18,80.30897138101349,82.18800354003906
2024-01-19,80.62945064006689,83.67400360107422
2024-01-22,80.99216996387376,84.43800354003906
2024-01-23,81.33596305069419,84.60199737548828
2024-01-24,81.64415691217012,84.5719985961914
2024-01-25,81.94566554516285,84.80999755859375
2024-01-26,82.20436430881178,84.66200256347656
2024-01-29,82.59861549559346,86.34400177001953
2024-01-30,82.91836652284535,85.95600128173828
2024-01-31,83.02861698723396,84.07599639892578
2024-02-01,83.23998690260527,85.24800109863281
2024-02-02,83.49103571670797,85.8759994506836
2024-02-05,83.66636571820453,85.33200073242188
2024-02-06,83.81109250783051,85.18599700927734
2024-02-07,84.07175003289389,86.5479965209961
2024-02-08,84.39234560500294,87.43800354003906
2024-02-09,84.77421749283562,88.4020004272461
2024-02-12,85.03210175621325,87.48200225830078
2024-02-13,85.07990126343401,85.53399658203125
2024-02-14,85.28448179321857,87.22799682617188
2024-02-15,85.45738814378072,87.0999984741211
2024-02-16,85.46658935432467,85.55400085449219
2024-02-20,85.3741524822238,84.49600219726562
2024-02-21,85.06499494601685,82.12799835205078
2024-02-22,84.98528083936495,84.22799682617188
2024-02-23,84.9562065027755,84.68000030517578
2024-02-26,85.00761561653646,85.49600219726562
2024-02-27,85.05889009302145,85.5459976196289
2024-02-28,85.09118652459195,85.39800262451172
2024-02-29,85.1828831274396,86.05400085449219
2024-03-01,85.3477515405257,86.91400146484375
2024-03-04,85.46206058628479,86.5479965209961
2024-03-05,85.25043556509286,83.23999786376953
2024-03-06,85.17058480303416,84.41200256347656
2024-03-07,85.19338659913657,85.41000366210938
2024-03-08,85.16830219018793,84.93000030517578
2024-03-11,85.16751185418045,85.16000366210938
2024-03-12,85.34489156133439,87.02999877929688
2024-03-13,85.44537822462435,86.4000015258789
2024-03-14,85.495342319489,85.97000122070312
2024-03-15,85.3110237708323,83.55999755859375
2024-03-18,85.23473599610833,84.51000213623047
2024-03-19,85.22476087775686,85.12999725341797
2024-03-20,85.29383097970785,85.94999694824219
2024-03-21,85.41441827293508,86.55999755859375
2024-03-22,85.46923537682409,85.98999786376953
2024-03-25,85.4902608115462,85.69000244140625
2024-03-26,85.52452154131524,85.8499984741211
2024-03-27,85.51170990782316,85.38999938964844
2024-03-28,85.48868959689395,85.2699966430664
2024-04-01,85.44405217271989,85.0199966430664
2024-04-02,85.31795222737342,84.12000274658203
2024-04-03,85.2181469336299,84.2699966430664
2024-04-04,85.03356139512199,83.27999877929688
2024-04-05,84.95131727834327,84.16999816894531
2024-04-08,84.9045250694032,84.45999908447266
2024-04-09,84.8850462007212,84.69999694824219
2024-04-10,84.76170811854686,83.58999633789062
2024-04-11,84.70249776341369,84.13999938964844
2024-04-12,84.51749817987243,82.76000213623047
2024-04-15,84.13297486340207,80.4800033569336
2024-04-16,83.8060245857678,80.69999694824219
2024-04-17,83.44926010698931,80.05999755859375
2024-04-18,83.07314009679986,79.5
2024-04-19,82.6404599713234,78.52999877929688
2024-04-22,82.33946410328626,79.4800033569336
2024-04-23,82.19856281824487,80.86000061035156
2024-04-24,82.07869992521262,80.94000244140625
2024-04-25,81.89882397437393,80.19000244140625
2024-04-26,81.82179277089932,81.08999633789062
2024-04-29,81.73971718171583,80.95999908447266
2024-04-30,81.47212509823582,78.93000030517578
2024-05-01,81.24335125029185,79.06999969482422
2024-05-02,81.11636576570304,79.91000366210938
2024-05-03,81.09290262102485,80.87000274658203
2024-05-06,81.17834026319102,81.98999786376953
2024-05-07,81.21373671924499,81.55000305175781
2024-05-08,81.21338075402858,81.20999908447266
2024-05-09,81.20829722146485,81.16000366210938
2024-05-10,81.2256021898633,81.38999938964844
2024-05-13,81.25078273023531,81.48999786376953
2024-05-14,81.31927972932749,81.97000122070312
2024-05-15,81.5774434483722,84.02999877929688
2024-05-16,81.78816320714887,83.79000091552734
2024-05-17,82.02452829628388,84.2699966430664
2024-05-20,82.32028724458236,85.12999725341797
2024-05-21,82.52502190897482,84.47000122070312
2024-05-22,82.71121061830424,84.4800033569336
2024-05-23,82.8072859137708,83.72000122070312
2024-05-24,82.81611597206681,82.9000015258789
2024-05-28,82.77077124500241,82.33999633789062
2024-05-29,82.70784070836899,82.11000061035156
2024-05-30,82.1985226037959,77.36000061035156
2024-05-31,81.8072343879954,78.08999633789062
2024-06-03,81.43892658355833,77.94000244140625
2024-06-04,81.13712373208291,78.2699966430664
2024-06-05,81.03263584479191,80.04000091552734
2024-06-06,80.96000353986567,80.2699966430664
2024-06-07,80.90476484591828,80.37999725341797
2024-06-10,80.8766920615786,80.61000061035156
2024-06-11,80.87700684175377,80.87999725341797
2024-06-12,81.05253011593942,82.72000122070312
2024-06-13,81.12847948338529,81.8499984741211
2024-06-14,81.31052914358929,83.04000091552734
2024-06-17,81.54381228574559,83.76000213623047
2024-06-18,81.781544536201,84.04000091552734
2024-06-20,81.98615937134146,83.93000030517578
2024-06-21,82.25128673055336,84.7699966430664
2024-06-24,82.40830718725104,83.9000015258789
2024-06-25,82.61323007975987,84.55999755859375
2024-06-26,82.80816089712648,84.66000366210938
2024-06-27,83.15595501020707,86.45999908447266
2024-06-28,83.51253086884248,86.9000015258789
2024-07-01,83.8770513897042,87.33999633789062
2024-07-02,84.24780808050062,87.7699966430664
2024-07-03,84.5937308588737,87.87999725341797
2024-07-05,85.00670890137866,88.93000030517578
2024-07-08,85.29940346610971,88.08000183105469
2024-07-09,85.4308888793541,86.68000030517578
2024-07-10,85.5488992878866,86.66999816894531
2024-07-11,85.63186108608267,86.41999816894531
2024-07-12,85.7926361916771,87.31999969482422
2024-07-15,85.99809912087377,87.94999694824219
2024-07-16,86.21161328686385,88.23999786376953
2024-07-17,86.22193580190769,86.31999969482422
2024-07-18,86.10841799023048,85.02999877929688
2024-07-19,85.98856851250576,84.8499984741211
2024-07-22,85.95346701098921,85.62000274658203
2024-07-23,85.93885139582433,85.80000305175781
2024-07-24,85.6484845380933,82.88999938964844
2024-07-25,85.46481946024662,83.72000122070312
2024-07-26,85.39864585861041,84.7699966430664
2024-07-29,85.29115545713003,84.2699966430664
2024-07-30,85.11675961211505,83.45999908447266
2024-07-31,85.06944943444525,84.62000274658203
2024-08-01,84.87045456992033,82.9800033569336
2024-08-02,84.42660166654436,80.20999908447266
2024-08-05,83.8088303117693,77.94000244140625
2024-08-06,83.36132272115809,79.11000061035156
2024-08-07,82.94119645707086,78.94999694824219
2024-08-08,82.80965370483494,81.55999755859375
2024-08-09,82.77730584920333,82.47000122070312
2024-08-12,82.69756266750836,81.94000244140625
2024-08-13,82.76541419080371,83.41000366210938
2024-08-14,82.87156495867174,83.87999725341797
2024-08-15,83.1142728834597,85.41999816894531
2024-08-16,83.34338943199367,85.5199966430664
2024-08-19,83.64401900989904,86.5
2024-08-20,83.9341126700426,86.69000244140625
2024-08-21,84.24705443677217,87.22000122070312
2024-08-22,84.40257280026225,85.87999725341797
2024-08-23,84.58994708086412,86.37000274658203
2024-08-26,84.73280891486665,86.08999633789062
2024-08-27,84.88396994152927,86.31999969482422
2024-08-28,84.91882994709792,85.25
2024-08-29,85.04941765837691,86.29000091552734
2024-08-30,85.21614007679413,86.80000305175781
2024-09-03,85.18603164337362,84.9000015258789
2024-09-04,85.14069520919259,84.70999908447266
2024-09-05,85.069200369236,84.38999938964844
2024-09-06,84.90641943981844,83.36000061035156
2024-09-09,84.85914174670329,84.41000366210938
2024-09-10,84.94398538987441,85.75
2024-09-11,85.10836755930974,86.66999816894531
2024-09-12,85.34471315726982,87.58999633789062
2024-09-13,85.53378826905886,87.33000183105469
2024-09-16,85.77057001896435,88.0199966430664
2024-09-17,85.94670646921365,87.62000274658203
2024-09-18,86.03463944801064,86.87000274658203
2024-09-19,86.33515020928641,89.19000244140625
2024-09-20,86.60799275585363,89.19999694824219
2024-09-23,86.85580288238877,89.20999908447266
2024-09-24,87.09048829309691,89.31999969482422
2024-09-25,87.2590132756926,88.86000061035156
2024-09-26,87.45529769656227,89.31999969482422
2024-09-27,87.6252691410582,89.23999786376953
2024-09-30,87.79143424634618,89.37000274658203
2024-10-01,87.76177416164023,87.4800033569336
2024-10-02,87.80541483393193,88.22000122070312
2024-10-03,87.85347033151878,88.30999755859375
2024-10-04,88.04837806431499,89.9000015258789
2024-10-07,88.10853256344458,88.68000030517578
2024-10-08,88.34391058893125,90.58000183105469
2024-10-09,88.66639561445528,91.7300033569336
2024-10-10,89.01816751882636,92.36000061035156
2024-10-11,89.3802467736833,92.81999969482422
2024-10-14,89.75641392200437,93.33000183105469
2024-10-15,90.01104119659212,92.43000030517578
2024-10-16,90.20046584453573,92.0
2024-10-17,90.37851668742034,92.06999969482422
2024-10-18,90.56246724657971,92.30999755859375
2024-10-21,90.72604167826707,92.27999877929688
2024-10-22,90.85784729084655,92.11000061035156
2024-10-23,90.85138573129234,90.79000091552734
2024-10-24,90.94077765360043,91.79000091552734
2024-10-25,91.06070330070918,92.19999694824219
2024-10-28,91.18254073282169,92.33999633789062
2024-10-29,91.44039393823377,93.88999938964844
2024-10-30,91.65273719830154,93.66999816894531
2024-10-31,91.61533385905668,91.26000213623047
2024-11-01,91.67673083783514,92.26000213623047
2024-11-04,91.73132790089846,92.25
2024-11-05,91.93405863513209,93.86000061035156
2024-11-06,92.48414820173595,97.70999908447266
2024-11-07,93.21518205510485,100.16000366210938
2024-11-08,93.97945022735863,101.23999786376953
2024-11-11,94.89474033312358,103.58999633789062
2024-11-12,95.77047900024425,104.08999633789062
2024-11-13,96.59424273059673,104.41999816894531
2024-11-14,97.20907704689779,103.05000305175781
2024-11-15,97.58249801894733,101.12999725341797
2024-11-18,97.91940323110302,101.12000274658203
2024-11-19,98.35755498462335,102.5199966430664
2024-11-20,98.82921618214434,103.30999755859375
2024-11-21,99.37310044246652,104.54000091552734
2024-11-22,100.0080433446628,106.04000091552734
2024-11-25,100.55870597045943,105.79000091552734
2024-11-26,101.09501992007341,106.19000244140625
2024-11-27,101.40025640880526,104.30000305175781
2024-11-29,101.72023219236956,104.76000213623047
2024-12-02,102.0192577559869,104.86000061035156
2024-12-03,102.3764709833278,105.7699966430664
2024-12-04,103.0910925328602,109.87999725341797
2024-12-05,103.6109887727552,108.55000305175781
2024-12-06,104.22422822789832,110.05000305175781
2024-12-09,104.56192045791433,107.7699966430664
2024-12-10,104.71507071610776,106.16999816894531
2024-12-11,105.01077823789028,107.81999969482422
2024-12-12,105.18594206991226,106.8499984741211
2024-12-13,105.24156631497456,105.7699966430664
2024-12-16,105.40046510993977,106.91000366210938
2024-12-17,105.45184961769849,105.94000244140625
2024-12-18,105.04500682602965,101.18000030517578
2024-12-19,104.71405376591485,101.56999969482422
2024-12-20,104.6098584307403,103.62000274658203
2024-12-23,104.4489193581884,102.91999816894531
2024-12-24,104.41568879780105,104.0999984741211
2024-12-26,104.36371869768496,103.87000274658203
2024-12-27,104.165269181648,102.27999877929688
2024-12-30,103.85810092067258,100.94000244140625
2024-12-31,103.50209157075919,100.12000274658203
2025-01-02,103.1599879604116,99.91000366210938
2025-01-03,102.99903684234413,101.47000122070312
2025-01-06,102.87341431499476,101.68000030517578
2025-01-07,102.5226131841768,99.19000244140625
2025-01-08,102.20617354265922,99.19999694824219
2025-01-10,101.7303474037843,97.20999908447266
2025-01-13,101.21888580440975,96.36000061035156
2025-01-14,100.85613512419067,97.41000366210938
2025-01-15,100.69555065226254,99.16999816894531
2025-01-16,100.56740282577287,99.3499984741211
2025-01-17,100.54384062282539,100.31999969482422
2025-01-21,100.67776027286507,101.94999694824219
2025-01-22,101.00464030500665,104.11000061035156
2025-01-23,101.3175317917229,104.29000091552734
2025-01-24,101.55871909480844,103.8499984741211
2025-01-27,101.61312653848555,102.12999725341797
2025-01-28,101.93473333136973,104.98999786376953
2025-01-29,102.08190190523295,103.4800033569336
2025-01-30,102.14648287961367,102.76000213623047
2025-01-31,102.21729397580745,102.88999938964844
2025-02-03,102.24326577466098,102.48999786376953
2025-02-04,102.44009737313077,104.30999755859375
2025-02-05,102.6810405967091,104.97000122070312
2025-02-06,102.92475081261962,105.23999786376953
2025-02-07,103.08620337775889,104.62000274658203
2025-02-10,103.40180320138937,106.4000015258789
2025-02-11,103.5844885817165,105.31999969482422
2025-02-12,103.71548958197899,104.95999908447266
2025-02-13,103.99687135216625,106.66999816894531
2025-02-14,104.26002666493427,106.76000213623047
2025-02-18,104.6000242998029,107.83000183105469
2025-02-19,104.72764126566989,105.94000244140625
2025-02-20,104.65834209751085,104.0
2025-02-21,104.25754732139004,100.44999694824219
2025-02-24,103.77587585728071,99.19999694824219
2025-02-25,103.18674447448166,97.58999633789062
2025-02-26,102.7832447100779,98.94999694824219
2025-02-27,102.16865015017092,96.33000183105469
2025-02-28,101.72115977593589,97.47000122070312
2025-03-03,101.14104905950562,95.62999725341797
2025-03-04,100.59809223873425,95.44000244140625
2025-03-05,100.26494045162823,97.0999984741211
2025-03-06,99.61494635541662,93.44000244140625
2025-03-07,99.0249512900384,93.41999816894531
2025-03-10,98.03971786290863,88.68000030517578
2025-03-11,97.23022101077709,89.54000091552734
2025-03-12,96.66829537461304,91.33000183105469
2025-03-13,95.87131515338874,88.30000305175781
2025-03-14,95.47023786850498,91.66000366210938
2025-03-17,95.22259642832184,92.87000274658203
2025-03-18,94.86901601955124,91.51000213623047
2025-03-19,94.68625229847419,92.94999694824219
2025-03-20,94.4847044314599,92.56999969482422
2025-03-21,94.353780258021,93.11000061035156
2025-03-24,94.45437296317228,95.41000366210938
2025-03-25,94.6368138949256,96.37000274658203
2025-03-26,94.58854564335344,94.12999725341797
2025-03-27,94.39154097665944,92.5199966430664
2025-03-28,93.96091828808065,89.87000274658203
2025-03-31,93.48749729528912,88.98999786376953
2025-04-01,93.1858308571496,90.31999969482422
2025-04-02,93.02717997961786,91.5199966430664
2025-04-03,92.41792448188453,86.62999725341797
2025-04-04,91.35907482187245,81.30000305175781
2025-04-07,90.39630579121794,81.25
2025-04-08,89.42046728975708,80.1500015258789
2025-04-09,89.42708924918685,89.48999786376953
2025-04-10,89.14736626009947,86.48999786376953
2025-04-11,88.96190251611307,87.19999694824219
2025-04-14,88.86838831047693,87.9800033569336
2025-04-15,88.88949383689727,89.08999633789062
2025-04-16,88.70382798970765,86.94000244140625
2025-04-17,88.5025106895346,86.58999633789062
2025-04-21,88.06512906787505,83.91000366210938
2025-04-22,87.88368855304023,86.16000366210938
2025-04-23,87.97190845833104,88.80999755859375
2025-04-24,88.46982164784639,93.19999694824219
2025-04-25,89.06888645626393,94.76000213623047
2025-04-28,89.6223255798024,94.87999725341797
2025-04-29,90.23924680783276,96.0999984741211
2025-04-30,90.79455660659384,96.06999969482422
2025-05-01,91.38650379989257,97.01000213623047
2025-05-02,92.15636069711262,99.47000122070312
2025-05-05,92.84337422563351,99.37000274658203
2025-05-06,93.33067183123724,97.95999908447266
2025-05-07,93.84965535010006,98.77999877929688
2025-05-08,94.47445042743428,100.41000366210938
2025-05-09,94.97116966686019,99.69000244140625
2025-05-12,95.71486767756845,102.77999877929688
2025-05-13,96.57345202798417,104.7300033569336
2025-05-14,97.35693307786738,104.80000305175781
2025-05-15,98.02770150148753,104.4000015258789
2025-05-16,98.70696837392771,105.16000366210938
2025-05-19,99.30059066606853,104.94000244140625
2025-05-20,99.81386797800545,104.69000244140625
2025-05-21,100.03826132952352,102.16999816894531
2025-05-22,100.29271254428059,102.70999908447266
2025-05-23,100.44864471198488,101.93000030517578
2025-05-27,100.76782169672516,103.80000305175781
2025-05-28,100.98802932856607,103.08000183105469
2025-05-29,101.1177406757618,102.3499984741211
2025-05-30,101.35890837577296,103.6500015258789
2025-06-02,101.60472685821422,103.94000244140625
2025-06-03,101.92713362064805,104.98999786376953
2025-06-04,102.2007402331347,104.80000305175781
2025-06-05,102.43495579779895,104.66000366210938
2025-06-06,102.77257937485939,105.9800033569336
2025-06-09,103.09233345853164,106.12999725341797
2025-06-10,103.35782524852081,105.87999725341797
2025-06-11,103.58946102633097,105.79000091552734
2025-06-12,103.9180838729211,107.04000091552734
2025-06-13,104.14207556531589,106.2699966430664
2025-06-16,104.45235422822667,107.4000015258789
2025-06-17,104.66165397086021,106.6500015258789
2025-06-18,104.79768657724406,106.08999633789062
2025-06-20,104.82743077087335,105.11000061035156
2025-06-23,104.9743423876075,106.37000274658203
2025-06-24,105.26726245085992,108.05000305175781
2025-06-25,105.50561808821291,107.7699966430664
2025-06-26,105.81079723071385,108.70999908447266
2025-06-27,105.99834023534079,107.77999877929688
2025-06-30,106.33183164149881,109.5
2025-07-01,106.51356175790553,108.23999786376953
2025-07-02,106.73226992939965,108.80999755859375
2025-07-03,107.1644343783203,111.2699966430664
2025-07-07,107.50210720747766,110.70999908447266
2025-07-08,107.84285907638976,111.08000183105469
2025-07-09,108.18353898996648,111.41999816894531
2025-07-10,108.27558304100576,109.1500015258789
2025-07-11,108.1998135472846,107.4800033569336
