Date,BB_Upper,BB_Middle,BB_Lower,Close
2020-05-14,,,,101.02999877929688
2020-05-15,,,,101.45999908447266
2020-05-18,,,,104.37999725341797
2020-05-19,,,,103.33000183105469
2020-05-20,,,,105.05999755859375
2020-05-21,,,,104.19999694824219
2020-05-22,,,,104.44999694824219
2020-05-26,,,,105.61000061035156
2020-05-27,,,,107.05999755859375
2020-05-28,,,,106.83000183105469
2020-05-29,,,,107.41000366210938
2020-06-01,,,,107.83000183105469
2020-06-02,,,,108.5999984741211
2020-06-03,,,,110.0199966430664
2020-06-04,,,,109.55999755859375
2020-06-05,,,,112.4000015258789
2020-06-08,,,,113.7300033569336
2020-06-09,,,,113.08000183105469
2020-06-10,,,,112.76000213623047
2020-06-11,114.59682190503,107.25199966430664,99.90717742358328,106.23999786376953
2020-06-12,114.33824435248157,107.57049980163575,100.80275525078993,107.4000015258789
2020-06-15,114.08247867578332,107.91849975585937,101.75452083593542,108.41999816894531
2020-06-16,114.25307565116557,108.22099990844727,102.18892416572896,110.43000030517578
2020-06-17,114.20197930773871,108.55899963378906,102.9160199598394,110.08999633789062
2020-06-18,114.2629248823732,108.81599960327148,103.36907432416976,110.19999694824219
2020-06-19,114.11195663353364,109.08749961853027,104.06304260352691,109.62999725341797
2020-06-22,113.95666927091384,109.38299980163575,104.80933033235766,110.36000061035156
2020-06-23,113.91862396509421,109.64699974060059,105.37537551610697,110.88999938964844
2020-06-24,113.86501219353866,109.70399971008301,105.54298722662736,108.19999694824219
2020-06-25,113.77586004974906,109.80649948120117,105.83713891265329,108.87999725341797
2020-06-26,113.90485004623453,109.74099922180176,105.57714839736899,106.0999984741211
2020-06-29,113.9083326172714,109.73699913024902,105.56566564322664,107.75
2020-06-30,113.92084159448255,109.77949905395508,105.6381565134276,109.44999694824219
2020-07-01,113.92856548471033,109.78549919128417,105.64243289785801,110.13999938964844
2020-07-02,114.0029190143231,109.84249916076661,105.68207930721012,110.69999694824219
2020-07-06,114.04015824104363,109.85299911499024,105.66583998893685,112.61000061035156
2020-07-07,113.62258433311963,109.74349899291992,105.86441365272022,111.54000091552734
2020-07-08,113.47760706577348,109.70849876403808,105.93939046230268,112.37999725341797
2020-07-09,113.32244079953495,109.66849861145019,106.01455642336543,111.95999908447266
2020-07-10,113.60549224907035,110.01249885559082,106.41950546211129,113.12000274658203
2020-07-13,113.73345903881747,110.24549865722656,106.75753827563565,112.05999755859375
2020-07-14,114.15244677601885,110.49899864196777,106.8455505079167,113.48999786376953
2020-07-15,114.71252072880351,110.69449844360352,106.67647615840353,114.33999633789062
2020-07-16,115.12159898839704,110.88399848937988,106.64639799036271,113.87999725341797
2020-07-17,115.53394803264756,111.0809986114502,106.62804919025284,114.13999938964844
2020-07-20,116.15378899532026,111.3714988708496,106.58920874637896,115.44000244140625
2020-07-21,116.70082042837139,111.62649879455566,106.55217716073993,115.45999908447266
2020-07-22,117.29425106514918,111.88399887084961,106.47374667655004,116.04000091552734
2020-07-23,117.4267975452439,112.19199905395507,106.95720056266624,114.36000061035156
2020-07-24,117.47399021315988,112.43199920654297,107.39000819992606,113.68000030517578
2020-07-27,117.04675790556885,112.85399932861328,108.66124075165772,114.54000091552734
2020-07-28,116.64590859081393,113.15599937438965,109.66609015796537,113.79000091552734
2020-07-29,116.5926681268078,113.44249954223633,110.29233095766487,115.18000030517578
2020-07-30,116.47612393721305,113.67199974060058,110.86787554398812,114.7300033569336
2020-07-31,116.49700757392394,113.92000007629395,111.34299257866395,115.66000366210938
2020-08-03,116.87639380138508,114.12050018310546,111.36460656482585,116.62000274658203
2020-08-04,117.16896817125014,114.3965000152588,111.62403185926745,117.05999755859375
2020-08-05,117.65538090894617,114.6685001373291,111.68161936571204,117.81999969482422
2020-08-06,118.20154628943885,115.00450019836425,111.80745410728966,118.68000030517578
2020-08-07,118.72772464086103,115.28150024414063,111.83527584742023,118.66000366210938
2020-08-10,119.08062358818793,115.62350044250488,112.16637729682182,118.9000015258789
2020-08-11,119.27291151855455,115.83850059509277,112.40408967163098,117.79000091552734
2020-08-12,119.85847941626567,116.1075008392334,112.35652226220112,119.72000122070312
2020-08-13,120.27177319950441,116.38900108337403,112.50622896724364,119.51000213623047
2020-08-14,120.6365361972207,116.66100120544434,112.68546621366797,119.58000183105469
2020-08-17,121.08971398491303,116.89250106811524,112.69528815131744,120.06999969482422
2020-08-18,121.57673789866278,117.14700126647949,112.7172646342962,120.55000305175781
2020-08-19,121.92107254182902,117.3480010986328,112.7749296554366,120.05999755859375
2020-08-20,122.22830759670974,117.6605010986328,113.09269460055587,120.61000061035156
2020-08-21,122.46391546762574,118.0355010986328,113.60708672963987,121.18000030517578
2020-08-24,122.91373979201954,118.4225009918213,113.93126219162305,122.27999877929688
2020-08-25,123.2319817663659,118.87550086975098,114.51901997313605,122.8499984741211
2020-08-26,123.95742409085274,119.33350067138672,114.70957725192069,124.33999633789062
2020-08-27,124.51518923390687,119.83250045776367,115.14981168162048,124.70999908447266
2020-08-28,125.21865412318891,120.32550010681152,115.43234609043412,125.5199966430664
2020-08-31,125.81711510580341,120.76349983215331,115.70988455850322,125.37999725341797
2020-09-01,126.5727456755879,121.23549995422363,115.89825423285936,126.5
2020-09-02,127.63558542777062,121.75149993896484,115.86741445015906,128.13999938964844
2020-09-03,127.73696670750243,121.9875,116.23803329249756,123.4000015258789
2020-09-04,127.71621454170477,122.17249984741211,116.62878515311945,122.36000061035156
2020-09-08,127.7297173269651,122.16299972534179,116.59628212371848,118.70999908447266
2020-09-09,127.55275250207845,122.3379997253418,117.12324694860516,121.29000091552734
2020-09-10,127.5849488020059,122.31099967956543,117.03705055712496,119.18000030517578
2020-09-11,127.63730657456124,122.2729995727539,116.90869257094657,118.75
2020-09-14,127.60833515698833,122.31199951171875,117.01566386644917,120.36000061035156
2020-09-15,127.5918026273213,122.37049942016601,117.14919621301073,121.23999786376953
2020-09-16,127.5918026273213,122.37049942016601,117.14919621301073,120.55000305175781
2020-09-17,127.62472374948453,122.33749961853027,117.05027548757602,119.4000015258789
2020-09-18,127.76660664488347,122.2134994506836,116.66039225648373,118.12999725341797
2020-09-21,127.97989777974618,122.0109992980957,116.04210081644521,117.12999725341797
2020-09-22,127.99399420095506,121.81149940490722,115.62900460885939,118.29000091552734
2020-09-23,128.19725246080344,121.43899955749512,114.6807466541868,115.4000015258789
2020-09-24,128.07322990607238,121.00349960327148,113.93376930047057,115.62999725341797
2020-09-25,127.6493719980193,120.6504997253418,113.6516274526643,117.6500015258789
2020-09-28,126.9933625928669,120.34899978637695,113.704636979887,119.48999786376953
2020-09-29,126.27821379056344,120.02949981689453,113.78078584322562,118.98999786376953
2020-09-30,125.19865491588992,119.69949989318847,114.20034487048703,119.9000015258789
2020-10-01,123.29677880596695,119.33349990844727,115.37022101092758,120.81999969482422
2020-10-02,122.62658769127455,119.12899971008301,115.63141172889146,119.30999755859375
2020-10-05,122.42467487850293,119.0814998626709,115.73832484683886,121.41000366210938
2020-10-06,122.47268869655714,119.12649993896484,115.78031118137254,119.61000061035156
2020-10-07,122.53073260691212,119.14199981689453,115.75326702687693,121.5999984741211
2020-10-08,123.02215167459367,119.3129997253418,115.60384777608992,122.5999984741211
2020-10-09,123.74979688102603,119.56649971008301,115.38320253913999,123.81999969482422
2020-10-12,124.88178248004415,119.84849967956544,114.81521687908672,126.0
2020-10-13,125.60416528813018,120.05349960327149,114.5028339184128,125.33999633789062
2020-10-14,126.12773119076137,120.25049934387206,114.37326749698276,124.48999786376953
2020-10-15,126.58992989557943,120.48849945068359,114.38706900578775,124.16000366210938
2020-10-16,126.96249157760927,120.78099975585937,114.59950793410947,123.9800033569336
2020-10-19,127.00250175598282,121.03099975585937,115.05949775573592,122.12999725341797
2020-10-20,127.1112943252793,121.24349975585938,115.37570518643945,122.54000091552734
2020-10-21,126.80983929970512,121.58299980163574,116.35616030356636,122.19000244140625
2020-10-22,126.41612363347068,121.94199981689454,117.4678760003184,122.80999755859375
2020-10-23,126.25429463713242,122.21549987792969,118.17670511872696,123.12000274658203
2020-10-26,126.1790444452703,122.28499984741211,118.39095524955391,120.87999725341797
2020-10-27,126.03881104460022,122.37200012207032,118.70518919954041,120.7300033569336
2020-10-28,126.59338874763716,122.19449996948242,117.79561119132768,116.3499984741211
2020-10-29,126.82810724373262,122.0375,117.24689275626737,117.68000030517578
2020-10-30,127.18726653066668,121.88300018310547,116.57873383554426,116.22000122070312
2020-11-02,127.3441155177984,121.6779998779297,116.01188423806099,117.30999755859375
2020-11-03,127.35057001352436,121.6659999847412,115.98142995595805,119.37000274658203
2020-11-04,127.4008952819746,121.70699996948242,116.01310465699025,122.41999816894531
2020-11-05,127.68033514586725,121.82400016784668,115.9676651898261,124.94000244140625
2020-11-06,127.8231285544457,121.87700004577637,115.93087153710704,124.87999725341797
2020-11-09,127.80999159544082,121.87350006103516,115.9370085266295,125.93000030517578
2020-11-10,127.84913514885623,121.88500022888184,115.92086530890744,125.56999969482422
2020-11-11,128.2026485853699,121.9900001525879,115.7773517198059,126.58999633789062
2020-11-12,128.40073780145312,122.06049995422363,115.72026210699414,125.56999969482422
2020-11-13,128.8831092432667,122.21649971008301,115.54989017689934,127.0999984741211
2020-11-16,129.72641335675743,122.53149948120117,115.33658560564488,128.42999267578125
2020-11-17,130.37658210696975,122.80249938964843,115.22841667232711,127.95999908447266
2020-11-18,130.7777896654142,123.0264991760254,115.27520868663659,126.66999816894531
2020-11-19,131.20914355636594,123.24699935913085,115.28485516189575,127.22000122070312
2020-11-20,131.48155990866832,123.40749931335449,115.33343871804067,126.33000183105469
2020-11-23,131.85410098762446,123.71699943542481,115.57989788322514,127.06999969482422
2020-11-24,132.48541735806694,124.1389991760254,115.79258099398385,129.1699981689453
2020-11-25,132.5868971576832,124.77999916076661,116.97310116385,129.1699981689453
2020-11-27,132.7159350746053,125.3714988708496,118.02706266709392,129.50999450683594
2020-11-30,132.21421351037102,126.01849899291992,119.82278447546881,129.16000366210938
2020-12-01,131.7213575871552,126.67649917602539,121.63164076489558,130.47000122070312
2020-12-02,131.3242134906172,127.24099922180176,123.15778495298629,130.66000366210938
2020-12-03,131.35633451236492,127.65399894714355,123.95166338192216,130.67999267578125
2020-12-04,131.84766892171103,127.98699913024902,124.126329338787,131.60000610351562
2020-12-07,132.22191917419005,128.32499923706055,124.42807929993104,131.63999938964844
2020-12-08,132.66173885564078,128.62549934387206,124.58925983210335,131.94000244140625
2020-12-09,132.75489652161303,128.88099899291993,125.00710146422684,130.67999267578125
2020-12-10,132.86942538167276,129.0794990539551,125.28957272623742,130.55999755859375
2020-12-11,132.800034799824,129.32649879455568,125.85296278928736,130.50999450683594
2020-12-14,132.79782728703682,129.46999893188476,126.1421705767327,129.97000122070312
2020-12-15,133.0422546015724,129.62799911499025,126.2137436284081,131.58999633789062
2020-12-16,133.27914758557162,129.82299919128417,126.36685079699672,131.86000061035156
2020-12-17,133.488618112828,130.12699928283692,126.76538045284586,132.75
2020-12-18,133.60184808876883,130.38449897766114,127.16714986655344,132.3699951171875
2020-12-21,133.37223486422317,130.67099876403807,127.96976266385299,132.05999755859375
2020-12-22,133.07183485386986,130.90299911499022,128.7341633761106,131.7100067138672
2020-12-23,133.07895378859072,131.03299942016602,128.98704505174132,131.77000427246094
2020-12-24,133.02953951156758,131.15699920654296,129.28445890151835,131.64999389648438
2020-12-28,133.17268534732037,131.3234992980957,129.47431324887103,132.83999633789062
2020-12-29,133.1452582419658,131.49799880981445,129.8507393776631,132.64999389648438
2020-12-30,133.27441424433906,131.61199874877929,129.94958325321952,132.75
2020-12-31,133.534802425796,131.75149841308593,129.96819440037586,133.4499969482422
2021-01-04,133.51590513450577,131.80049896240234,130.08509279029892,131.66000366210938
2021-01-05,133.57371840602676,131.84099884033202,130.10827927463728,132.41000366210938
2021-01-06,133.66334225164996,131.8939987182617,130.12465518487346,132.6999969482422
2021-01-07,134.2196300636225,132.03799896240236,129.8563678611822,134.82000732421875
2021-01-08,134.89133489738143,132.28749923706056,129.6836635767397,135.6699981689453
2021-01-11,135.17325653559803,132.49449920654297,129.8157418774879,134.6999969482422
2021-01-12,135.3688406655454,132.69999923706055,130.0311578085757,134.6199951171875
2021-01-13,135.5101192311569,132.95649948120118,130.40287973124546,135.10000610351562
2021-01-14,135.66889107729764,133.10499954223633,130.541108007175,134.55999755859375
2021-01-15,135.69520199187804,133.18999938964845,130.68479678741886,133.55999755859375
2021-01-19,135.85784333316758,133.28449935913085,130.71115538509412,134.63999938964844
2021-01-20,136.43634213708768,133.50149993896486,130.56665774084203,136.7100067138672
2021-01-21,136.94132851106846,133.74199981689452,130.54267112272058,136.8699951171875
2021-01-22,137.25082055450815,133.9809997558594,130.71117895721062,136.49000549316406
2021-01-25,137.6224627167741,134.2479995727539,130.87353642873373,137.11000061035156
2021-01-26,137.86012733835148,134.5125,131.1648726616485,136.94000244140625
2021-01-27,137.83910463691964,134.54550018310547,131.2518957292913,133.5
2021-01-28,137.83222073322224,134.65450057983398,131.4767804264457,134.8300018310547
2021-01-29,137.88182776087447,134.62550048828126,131.36917321568805,132.1699981689453
2021-02-01,137.88075792435052,134.6615005493164,131.44224317428228,134.1699981689453
2021-02-02,137.87257231752727,134.89300003051758,131.9134277435079,136.2899932861328
2021-02-03,137.91026509354097,135.09249954223634,132.2747339909317,136.39999389648438
2021-02-04,138.17834001182993,135.3479995727539,132.51765913367788,137.80999755859375
2021-02-05,138.6189418715156,135.52249908447266,132.4260562974297,138.30999755859375
2021-02-08,139.20940323190783,135.70349884033203,132.19759444875623,139.2899932861328
2021-02-09,139.7255307441088,135.9309989929199,132.13646724173103,139.25
2021-02-10,140.1220843019661,136.1509994506836,132.1799145994011,139.02000427246094
2021-02-11,140.51937295374236,136.3589988708496,132.19862478795685,139.25999450683594
2021-02-12,140.9735824185847,136.6264991760254,132.27941593346608,139.91000366210938
2021-02-16,141.26893085096444,136.94199905395507,132.6150672569457,139.8699951171875
2021-02-17,141.58291687651797,137.20599899291992,132.82908110932186,139.9199981689453
2021-02-18,141.7929785796742,137.33349838256837,132.87401818546252,139.25999450683594
2021-02-19,141.9123696675814,137.4224983215332,132.932626975485,138.64999389648438
2021-02-22,141.937545440288,137.4679977416992,132.9984500431104,137.39999389648438
2021-02-23,141.95767350437035,137.4909980773926,133.02432265041483,137.57000732421875
2021-02-24,142.0965796365034,137.5924980163574,133.08841639621141,138.97000122070312
2021-02-25,141.90827230204343,137.69249801635743,133.47672373067144,135.5
2021-02-26,141.89989724393172,137.69749755859374,133.49509787325576,134.92999267578125
2021-03-01,141.35295748411548,138.00049743652343,134.64803738893139,138.22999572753906
2021-03-02,141.0413127512069,138.14849777221679,135.25568279322667,137.1300048828125
2021-03-03,141.1776686337783,138.0879981994629,134.9983277651475,135.0800018310547
2021-03-04,141.58638617200606,137.9369987487793,134.28761132555255,133.3800048828125
2021-03-05,141.59975980677905,137.8394989013672,134.07923799595534,135.86000061035156
2021-03-08,141.64616377039124,137.6614990234375,133.67683427648376,134.75
2021-03-09,141.47043115534237,137.54999923706055,133.62956731877873,137.05999755859375
2021-03-10,141.32860939100854,137.48199920654298,133.63538902207742,137.88999938964844
2021-03-11,141.38289547575746,137.5014991760254,133.62010287629332,139.41000366210938
2021-03-12,141.41045358995075,137.5109992980957,133.61154500624065,139.4499969482422
2021-03-15,141.44595277109167,137.5209991455078,133.59604551992393,140.11000061035156
2021-03-16,141.51549630626303,137.54049911499024,133.56550192371745,140.25999450683594
2021-03-17,141.62123520454512,137.56949920654296,133.5177632085408,140.5
2021-03-18,141.5099173082661,137.51899948120118,133.52808165413626,138.25
2021-03-19,141.46667871871622,137.49649963378906,133.5263205488619,138.1999969482422
2021-03-22,141.6517576251565,137.59649963378905,133.5412416424216,139.39999389648438
2021-03-23,141.72097787378277,137.64499893188477,133.56901998998677,138.5399932861328
2021-03-24,141.61114135828916,137.58049850463868,133.5498556509882,137.67999267578125
2021-03-25,141.640036344605,137.7169982910156,133.79396023742623,138.22999572753906
2021-03-26,141.79282806240107,137.96999893188476,134.14716980136845,139.99000549316406
2021-03-29,141.98944199915547,138.0609992980957,134.13255659703594,140.0500030517578
2021-03-30,142.13137048034457,138.17949905395508,134.2276276275656,139.5
2021-03-31,142.2147750939456,138.4369987487793,134.659222403613,140.22999572753906
2021-04-01,142.12830726549592,138.8574981689453,135.5866890723947,141.7899932861328
2021-04-05,142.89675379813838,139.25699844360352,135.61724308906867,143.85000610351562
2021-04-06,143.261134370483,139.7124984741211,136.1638625777592,143.86000061035156
2021-04-07,143.89869693073476,140.06849822998046,136.23829952922617,144.17999267578125
2021-04-08,144.66807633896852,140.4224983215332,136.17692030409788,144.97000122070312
2021-04-09,145.6618085093635,140.76149826049806,135.8611880116326,146.19000244140625
2021-04-12,146.49372681435585,141.09849853515624,135.70327025595662,146.19000244140625
2021-04-13,147.35324038793428,141.43449859619142,135.51575680444856,146.8300018310547
2021-04-14,147.9528903564627,141.72649917602538,135.50010799558808,146.10000610351562
2021-04-15,148.8294929215221,142.09299926757814,135.35650561363417,147.8300018310547
2021-04-16,149.60207752405506,142.59499893188476,135.58792033971446,148.2899932861328
2021-04-19,150.07658566455956,143.0609992980957,136.04541293163186,147.52000427246094
2021-04-20,150.3605733672281,143.41149978637696,136.46242620552582,146.41000366210938
2021-04-21,150.66705343377788,143.8654998779297,137.0639463220815,147.6199951171875
2021-04-22,150.54333107411406,144.29550018310547,138.04766929209688,146.27999877929688
2021-04-23,150.5484124640837,144.7775001525879,139.00658784109208,147.8699951171875
2021-04-26,150.68633340923026,145.18349990844726,139.68066640766426,148.11000061035156
2021-04-27,150.68535888089923,145.58399963378906,140.4826403866789,148.05999755859375
2021-04-28,150.37826893838928,146.0099998474121,141.64173075643492,148.02000427246094
2021-04-29,150.06939518047747,146.4370002746582,142.80460536883893,148.77000427246094
2021-04-30,149.72205812618208,146.7390007019043,143.75594327762653,147.8300018310547
2021-05-03,149.68909085407577,146.9565002441406,144.22390963420546,148.1999969482422
2021-05-04,149.44748525848243,147.1125,144.7775147415176,146.97999572753906
2021-05-05,149.16585893169812,147.25450057983397,145.34314222796982,147.02000427246094
2021-05-06,149.04435511009441,147.41250076293946,145.7806464157845,148.1300048828125
2021-05-07,149.2695982833932,147.56300048828126,145.85640269316931,149.1999969482422
2021-05-10,149.21566267146082,147.62850036621094,146.04133806096107,147.5
2021-05-11,149.25156445993113,147.6050003051758,145.95843615042045,146.36000061035156
2021-05-12,149.88825455972082,147.4654998779297,145.04274519613855,143.30999755859375
2021-05-13,149.99212123073178,147.31399993896486,144.63587864719793,144.8000030517578
2021-05-14,149.8962538652752,147.25500030517577,144.61374674507633,147.11000061035156
2021-05-17,149.86297267822175,147.21399993896483,144.5650271997079,146.6999969482422
2021-05-18,149.89966074225347,147.16949996948242,144.43933919671136,145.52000427246094
2021-05-19,149.90988125383242,147.0425003051758,144.17511935651916,145.0800018310547
2021-05-20,149.91842177402447,147.07050018310548,144.2225785921865,146.83999633789062
2021-05-21,149.8395477266521,147.0115005493164,144.18345337198068,146.69000244140625
2021-05-24,149.8486437684026,147.0150001525879,144.1813565367732,148.17999267578125
2021-05-25,149.84618114940838,147.01399993896484,144.1818187285213,148.0399932861328
2021-05-26,149.8703521641188,147.02350006103515,144.1766479579515,148.2100067138672
2021-05-27,149.79325608397951,146.99899978637694,144.20474348877437,148.27999877929688
2021-05-28,149.88906599683932,147.0349998474121,144.1809336979849,148.5500030517578
2021-06-01,149.89304384655776,147.03649978637696,144.17995572619617,148.22999572753906
2021-06-02,150.0419206538746,147.11350021362304,144.18507977337148,148.52000427246094
2021-06-03,150.10435798229912,147.15699996948243,144.20964195666573,147.88999938964844
2021-06-04,150.2781203120235,147.21449966430663,144.15087901658976,149.27999877929688
2021-06-07,150.301946589424,147.22099990844725,144.1400532274705,149.3300018310547
2021-06-08,150.50798129527806,147.30699996948243,144.1060186436868,149.22000122070312
2021-06-09,150.6990874984184,147.44199981689454,144.18491213537067,149.05999755859375
2021-06-10,150.6003145485344,147.77299957275392,144.94568459697342,149.92999267578125
2021-06-11,150.70568983660237,148.04199905395507,145.37830827130776,150.17999267578125
2021-06-14,151.0860466868113,148.22149887084962,145.35695105488793,150.6999969482422
2021-06-15,151.31847989214822,148.40299911499022,145.48751833783223,150.3300018310547
2021-06-16,151.23023152775914,148.60099868774415,145.97176584772916,149.47999572753906
2021-06-17,150.95231088734175,148.8349983215332,146.71768575572463,149.75999450683594
2021-06-18,150.84568748981144,148.89299850463868,146.94030951946593,148.0
2021-06-21,150.76002804876342,149.05049819946288,147.34096835016234,149.83999633789062
2021-06-22,151.00206050909333,149.1814987182617,147.3609369274301,150.8000030517578
2021-06-23,151.16442953631568,149.31299896240233,147.46156838848898,150.6699981689453
2021-06-24,151.3869307677765,149.4564987182617,147.52606666874692,151.0800018310547
2021-06-25,151.65996895246096,149.61699905395508,147.5740291554492,151.49000549316406
2021-06-28,152.02721093624686,149.79149856567383,147.5557861951008,152.0399932861328
2021-06-29,152.32856838797878,149.98799896240234,147.6474295368259,152.16000366210938
2021-06-30,152.63006333247733,150.17899856567382,147.7279337988703,152.33999633789062
2021-07-01,152.92989069504395,150.4319984436035,147.93410619216306,152.9499969482422
2021-07-02,153.63500349382142,150.68299865722656,147.7309938206317,154.3000030517578
2021-07-06,154.1824597232344,150.9269989013672,147.6715380795,154.2100067138672
2021-07-07,154.75273995986862,151.20249862670897,147.65225729354933,154.72999572753906
2021-07-08,154.9646824586111,151.4239990234375,147.88331558826388,153.49000549316406
2021-07-09,155.4754979920522,151.6784996032715,147.88150121449078,155.02000427246094
2021-07-12,156.02853623200596,151.94649963378907,147.8644630355722,155.5399932861328
2021-07-13,156.44355530299572,152.17099990844727,147.89844451389882,155.19000244140625
2021-07-14,156.83147701599646,152.425,148.01852298400357,155.41000366210938
2021-07-15,157.01649085698014,152.69800033569337,148.3795098144066,154.94000244140625
2021-07-16,157.02912874837338,152.90300064086915,148.77687253336492,153.86000061035156
2021-07-19,156.6075252073321,153.08400039672853,149.56047558612497,151.6199951171875
2021-07-20,156.48290013957282,153.28100051879883,150.07910089802485,153.77999877929688
2021-07-21,156.5598022718439,153.4900001525879,150.4201980333319,154.97999572753906
2021-07-22,156.62942808909457,153.73100051879882,150.83257294850307,155.49000549316406
2021-07-23,157.02090333755723,154.03300018310546,151.0450970286537,157.1199951171875
2021-07-26,157.44937275394827,154.33450012207032,151.21962749019238,157.52000427246094
2021-07-27,157.66560623117343,154.5695007324219,151.47339523367035,156.74000549316406
2021-07-28,157.8122428120803,154.79500045776368,151.77775810344704,156.6699981689453
2021-07-29,157.99796222289302,155.03550033569337,152.07303844849372,157.14999389648438
2021-07-30,158.03316382279533,155.19550018310548,152.35783654341563,156.14999389648438
2021-08-02,158.09784174589382,155.2754997253418,152.4531577047898,155.89999389648438
2021-08-03,158.3079199505364,155.4209991455078,152.53407834047923,157.1199951171875
2021-08-04,158.41829882127243,155.5109992980957,152.60369977491897,156.52999877929688
2021-08-05,158.57279372282923,155.70749893188477,152.8422041409403,157.4199981689453
2021-08-06,158.78871371424543,155.8339988708496,152.87928402745376,157.5500030517578
2021-08-09,158.97778452917566,155.93449935913085,152.89121418908604,157.5500030517578
2021-08-10,159.16103091051303,156.05499954223632,152.9489681739596,157.60000610351562
2021-08-11,159.34161387862588,156.1699996948242,152.99838551102255,157.7100067138672
2021-08-12,159.58794669332318,156.3384994506836,153.08905220804402,158.30999755859375
2021-08-13,159.78153017942338,156.58199920654297,153.38246823366256,158.72999572753906
2021-08-16,159.40311403512905,156.95449981689453,154.50588559866,159.07000732421875
2021-08-17,159.1774567543237,157.1680000305176,155.15854330671146,158.0500030517578
2021-08-18,159.02007980816515,157.24100036621093,155.4619209242567,156.44000244140625
2021-08-19,158.91605808706,157.29599990844727,155.67594172983453,156.58999633789062
2021-08-20,158.97608166930146,157.33600006103515,155.69591845276884,157.9199981689453
2021-08-23,159.28527108585865,157.42699966430663,155.56872824275462,159.33999633789062
2021-08-24,159.6147510670976,157.56799926757813,155.52124746805868,159.55999755859375
2021-08-25,159.93460206270652,157.72249908447264,155.51039610623877,159.75999450683594
2021-08-26,160.0597509978376,157.80899963378906,155.55824826974052,158.8800048828125
2021-08-27,160.3322555752091,158.00650024414062,155.68074491307215,160.10000610351562
2021-08-30,160.74393192706228,158.26550064086913,155.787069354676,161.0800018310547
2021-08-31,161.09628649675645,158.4485008239746,155.80071515119275,160.77999877929688
2021-09-01,161.35549725830273,158.66450119018555,155.97350512206836,160.85000610351562
2021-09-02,161.69078669757144,158.85250091552734,156.01421513348325,161.17999267578125
2021-09-03,161.99805233004048,159.03900070190429,156.0799490737681,161.27999877929688
2021-09-07,162.18535547018595,159.20550079345702,156.2256461167281,160.8800048828125
2021-09-08,162.3055922620919,159.35800018310547,156.41040810411906,160.64999389648438
2021-09-09,162.32335555535067,159.46749954223634,156.611643529122,159.89999389648438
2021-09-10,162.31673248154308,159.48349990844727,156.65026733535146,158.6300048828125
2021-09-13,162.31714759401112,159.49199981689452,156.66685203977792,158.89999389648438
2021-09-14,162.32736234098212,159.44499969482422,156.56263704866632,158.1300048828125
2021-09-15,162.3251037468144,159.51449966430664,156.7038955817989,159.44000244140625
2021-09-16,162.0925671727359,159.65349960327148,157.21443203380707,159.22000122070312
2021-09-17,161.89344701635082,159.7134994506836,157.53355188501638,157.7899932861328
2021-09-20,162.49320125608642,159.56449966430665,156.63579807252688,154.94000244140625
2021-09-21,162.8856001478049,159.34850006103517,155.81139997426544,155.02000427246094
2021-09-22,162.94899386935947,159.19150009155274,155.434006313746,156.4199981689453
2021-09-23,162.88528631818804,159.11050033569336,155.33571435319868,158.13999938964844
2021-09-24,162.87367792521513,159.08899993896483,155.30432195271453,158.4499969482422
2021-09-27,162.76794577187766,158.97699966430665,155.18605355673563,157.86000061035156
2021-09-28,162.7939413374599,158.64299926757812,154.49205719769634,154.39999389648438
2021-09-29,162.7823534674304,158.30849914550782,153.83464482358525,154.08999633789062
2021-09-30,162.8868517973868,157.88549880981446,152.88414582224212,152.38999938964844
2021-10-01,162.54040746894216,157.5384994506836,152.536591432425,154.24000549316406
2021-10-04,162.3178888580789,157.07449951171876,151.8311101653586,152.0
2021-10-05,161.85298677997235,156.71299896240234,151.57301114483232,153.64999389648438
2021-10-06,161.29782545963275,156.40299911499022,151.5081727703477,154.4499969482422
2021-10-07,160.82438562737332,156.19549942016602,151.5666132129587,155.75
2021-10-08,160.53663840263812,156.0364990234375,151.53635964423688,155.4499969482422
2021-10-11,160.16481891829415,155.80899963378906,151.45318034928397,154.35000610351562
2021-10-12,159.89176988211383,155.5984992980957,151.30522871407757,153.9199981689453
2021-10-13,159.28630131788697,155.35499954223633,151.4236977665857,154.57000732421875
2021-10-14,158.8666115808417,155.2514991760254,151.6363867712091,157.14999389648438
2021-10-15,159.01113825103045,155.28649978637696,151.56186132172348,158.49000549316406
2021-10-18,159.56010416796263,155.49300003051758,151.42589589307252,159.07000732421875
2021-10-19,160.3244947479002,155.75749969482422,151.19050464174825,160.30999755859375
2021-10-20,161.03278955440018,155.97449951171876,150.91620946903734,160.75999450683594
2021-10-21,161.6441709688066,156.1354995727539,150.6268281767012,161.36000061035156
2021-10-22,162.06364251671013,156.25699996948242,150.4503574222547,160.8800048828125
2021-10-25,162.70561187742416,156.45199966430664,150.19838745118912,161.75999450683594
2021-10-26,163.4679682874718,156.83550033569335,150.20303238391492,162.07000732421875
2021-10-27,164.01811614226503,157.20850067138673,150.39888520050843,161.5500030517578
2021-10-28,164.61721585599423,157.7390007019043,150.86078554781437,163.0
2021-10-29,165.30245485385498,158.19800033569337,151.09354581753175,163.4199981689453
2021-11-01,165.6427431267081,158.775,151.9072568732919,163.5399932861328
2021-11-02,166.13134170611892,159.30149993896484,152.47165817181076,164.17999267578125
2021-11-03,166.75885885387038,159.84150009155275,152.9241413292351,165.25
2021-11-04,167.51891177074043,160.3590003967285,153.19908902271658,166.10000610351562
2021-11-05,168.1816487611052,160.91300048828126,153.6443522154573,166.52999877929688
2021-11-08,168.55053122289385,161.52850036621095,154.50646950952805,166.66000366210938
2021-11-09,168.49225640061513,162.1365005493164,155.78074469801766,166.0800018310547
2021-11-10,168.03981422975193,162.63899993896484,157.23818564817776,164.6199951171875
2021-11-11,167.8490721006023,163.01350021362305,158.17792832664378,164.63999938964844
2021-11-12,167.91947183189606,163.38949966430664,158.85952749671722,166.00999450683594
2021-11-15,167.9242166257296,163.73099899291992,159.53778136011024,165.89999389648438
2021-11-16,168.11906918340685,164.0489990234375,159.97892886346813,166.6699981689453
2021-11-17,168.21599944319286,164.32699966430664,160.43799988542042,166.32000732421875
2021-11-18,168.41530683687432,164.60949935913087,160.8036918813874,167.00999450683594
2021-11-19,168.39873533312831,164.90049896240234,161.40226259167636,166.6999969482422
2021-11-22,168.3250321951899,165.11199951171875,161.8989668282476,165.99000549316406
2021-11-23,168.23309241706363,165.31499938964845,162.39690636223327,166.1300048828125
2021-11-24,167.95077139121202,165.5614990234375,163.172226655663,166.47999572753906
2021-11-26,167.92835133893516,165.56849899291993,163.2086466469047,163.13999938964844
2021-11-29,167.81152247430023,165.65399932861328,163.49647618292633,165.1300048828125
2021-11-30,168.03187254032298,165.59399948120117,163.15612642207935,162.33999633789062
2021-12-01,168.7266629621795,165.39799957275392,162.06933618332835,160.25999450683594
2021-12-02,168.8376298974857,165.25299987792968,161.66836985837367,162.35000610351562
2021-12-03,169.0572840117034,164.98149948120118,160.90571495069898,160.6699981689453
2021-12-06,168.91897461557207,164.78749923706056,160.65602385854905,162.64999389648438
2021-12-07,168.84146935674116,164.75699920654296,160.67252905634476,166.0500030517578
2021-12-08,168.9004013010352,164.78049926757814,160.66059723412107,166.5500030517578
2021-12-09,168.95456283336114,164.82399978637696,160.69343673939278,165.49000549316406
2021-12-10,169.1901903827179,164.94599990844728,160.70180943417665,167.0800018310547
2021-12-13,169.13958452999802,164.91699981689453,160.69441510379104,165.42999267578125
2021-12-14,169.04393117823395,164.8395004272461,160.63506967625824,164.35000610351562
2021-12-15,169.0991272615104,164.8585006713867,160.617874081263,167.0500030517578
2021-12-16,169.00308850948417,164.80900039672852,160.61491228397287,165.3300018310547
2021-12-17,168.7370475322657,164.642000579834,160.54695362740227,163.6699981689453
2021-12-20,168.54806008251833,164.40250091552736,160.25694174853638,161.91000366210938
2021-12-21,168.42244490676165,164.33800048828124,160.25355606980082,164.6999969482422
2021-12-22,168.4810817500943,164.35800018310547,160.23491861611666,166.52999877929688
2021-12-23,168.67088768675302,164.4120002746582,160.15311286256338,167.55999755859375
2021-12-27,169.4161022259305,164.71650009155275,160.016897957175,169.22999572753906
2021-12-28,169.9668732539779,164.9099998474121,159.85312644084632,169.0
2021-12-29,170.48534511324578,165.25100021362306,160.01665531400033,169.16000366210938
2021-12-30,170.58219281532294,165.67350082397462,160.7648088326263,168.7100067138672
2021-12-31,170.72613683832316,165.96000061035156,161.19386438237996,168.0800018310547
2022-01-03,170.71421297512765,166.39400100708008,162.0737890390325,169.35000610351562
2022-01-04,170.8105874181801,166.71100158691405,162.611415755648,168.99000549316406
2022-01-05,170.80715691246922,166.69150161743164,162.57584632239406,165.66000366210938
2022-01-06,170.7890788751767,166.62900161743164,162.46892435968658,165.3000030517578
2022-01-07,170.80514809378533,166.59150161743165,162.37785514107796,164.74000549316406
2022-01-10,170.75974843894625,166.47000122070312,162.18025400246,164.64999389648438
2022-01-11,170.77225309822254,166.5060012817383,162.23974946525405,166.14999389648438
2022-01-12,170.768980397428,166.61900100708007,162.46902161673214,166.61000061035156
2022-01-13,170.76879038931116,166.46250076293944,162.15621113656772,163.9199981689453
2022-01-14,170.80372592829295,166.4015007019043,161.99927547551565,164.11000061035156
2022-01-18,171.09372142511893,166.27950057983398,161.46527973454903,161.22999572753906
2022-01-19,171.47110111065393,166.16550064086914,160.85990017108435,159.6300048828125
2022-01-20,172.22048782973255,165.8260009765625,159.43151412339247,157.91000366210938
2022-01-21,173.2437732132881,165.23450088500977,157.22522855673142,154.6999969482422
2022-01-24,173.6763889873635,164.60950088500977,155.54261278265602,155.05999755859375
2022-01-25,173.9055012421616,163.79950103759765,153.6935008330337,153.02999877929688
2022-01-26,173.85629916921363,162.99300079345704,152.12970241770046,152.8699951171875
2022-01-27,173.60041195287388,162.13800048828125,150.67558902368862,152.05999755859375
2022-01-28,172.84244774797583,161.50600051879883,150.16955328962183,156.07000732421875
2022-01-31,172.02235742083,161.05950012207032,150.09664282331065,159.14999389648438
2022-02-01,170.8923828490805,160.6099998474121,150.3276168457437,160.36000061035156
2022-02-02,169.80124497955157,160.2429992675781,150.68475355560466,161.64999389648438
2022-02-03,169.12640635905294,159.8364990234375,150.5465916878221,157.52999877929688
2022-02-04,168.4566458176686,159.5019989013672,150.54735198506577,158.61000061035156
2022-02-07,167.80404126623498,159.15649871826173,150.50895617028849,157.8300018310547
2022-02-08,167.1561598138848,158.88299865722655,150.6098375005683,159.17999267578125
2022-02-09,166.32909731320018,158.64849929809571,150.96790128299125,161.4600067138672
2022-02-10,165.00440630066436,158.24649963378906,151.48859296691376,158.57000732421875
2022-02-11,164.16056726924583,157.81100006103514,151.46143285282446,155.2100067138672
2022-02-14,163.1193096252054,157.34449996948243,151.56969031375945,154.77999877929688
2022-02-15,162.64117416085818,157.14800033569335,151.65482651052852,157.3000030517578
2022-02-16,162.41679249989417,157.03950042724608,151.662208354598,157.4600067138672
2022-02-17,162.36292642060386,156.84400024414063,151.3250740676774,154.0
2022-02-18,162.48007895570194,156.74550018310546,151.01092141050898,152.72999572753906
2022-02-22,162.76144211154406,156.54500045776368,150.3285588039833,151.0500030517578
2022-02-23,163.33849416468354,156.3110008239746,149.28350748326568,148.35000610351562
2022-02-24,163.5070232745161,156.19950103759766,148.89197880067923,150.63999938964844
2022-02-25,163.43218479837023,156.29300079345703,149.15381678854382,153.92999267578125
2022-02-28,163.40161709626975,156.1775001525879,148.95338320890605,153.75999450683594
2022-03-01,163.16119622669953,155.7925003051758,148.42380438365205,151.4499969482422
2022-03-02,162.57177111902163,155.47750015258788,148.38322918615413,154.05999755859375
2022-03-03,161.6166466332562,155.04550018310547,148.47435373295474,153.00999450683594
2022-03-04,161.3763314759015,154.75299987792968,148.12966827995785,151.67999267578125
2022-03-07,161.3298303860303,154.18050003051758,147.03116967500486,147.16000366210938
2022-03-08,161.36001492953278,153.5900001525879,145.819985375643,146.02000427246094
2022-03-09,160.60518874797924,153.13050079345703,145.65581283893482,149.99000549316406
2022-03-10,159.11469559177763,152.52200012207032,145.92930465236302,149.2899932861328
2022-03-11,158.32002038008324,151.9529998779297,145.58597937577616,147.19000244140625
2022-03-14,158.17506870698168,151.49249954223632,144.80993037749096,146.0
2022-03-15,157.7875320939228,151.22049942016602,144.65346674640924,149.33999633789062
2022-03-16,156.99692408762292,150.99499893188477,144.99307377614662,152.7899932861328
2022-03-17,156.37789061969994,150.86049880981446,145.34310699992898,154.77000427246094
2022-03-18,156.9347720603713,150.99649887084962,145.05822568132794,156.72000122070312
2022-03-21,157.59450508965062,151.19399871826172,144.79349234687282,156.67999267578125
2022-03-22,158.75056492366875,151.57399826049806,144.39743159732737,158.64999389648438
2022-03-23,159.32457980544487,151.98749771118165,144.65041561691842,156.6199951171875
2022-03-24,160.2245377579994,152.3834976196289,144.54245748125842,158.55999755859375
2022-03-25,161.01059115843623,152.6459976196289,144.28140408082157,159.17999267578125
2022-03-28,162.0271707610546,152.985498046875,143.94382533269538,160.5500030517578
2022-03-29,163.4550414044312,153.53999786376954,143.6249543231079,162.5399932861328
2022-03-30,164.42173703585686,153.9129981994629,143.40425936306892,161.52000427246094
2022-03-31,164.94595263764265,154.21449813842773,143.4830436392128,159.0399932861328
2022-04-01,165.5019922196647,154.60349884033204,143.7050054609994,159.4600067138672
2022-04-04,165.9818964872041,155.2989990234375,144.61610155967088,161.07000732421875
2022-04-05,165.8310652638079,155.94149856567384,146.0519318675398,158.8699951171875
2022-04-06,165.8085528935504,156.29649810791017,146.78444332226994,157.08999633789062
2022-04-07,165.693973934723,156.72599868774415,147.7580234407653,157.8800048828125
2022-04-08,165.0602551507449,157.23199844360352,149.40374173646214,157.30999755859375
2022-04-11,163.72771220502094,157.6544982910156,151.5812843770103,154.4499969482422
2022-04-12,162.95764226320145,157.87849884033204,152.79935541746264,153.82000732421875
2022-04-13,162.66212732358,158.0209991455078,153.3798709674356,155.63999938964844
2022-04-14,162.7904416355834,157.96299896240234,153.13555628922128,153.61000061035156
2022-04-18,162.98381320584093,157.80299911499023,152.62218502413953,153.52000427246094
2022-04-19,162.98728483426484,157.7699996948242,152.55271455538357,156.02000427246094
2022-04-20,162.90194739795518,157.6154998779297,152.3290523579042,155.55999755859375
2022-04-21,163.05971953650837,157.44449996948242,151.82928040245648,153.1999969482422
2022-04-22,163.65082903012504,156.9654998779297,150.28017072573434,148.97999572753906
2022-04-25,163.76508275943976,156.50350036621094,149.24191797298212,149.94000244140625
2022-04-26,164.18968560904543,155.75400009155274,147.31831457406005,145.55999755859375
2022-04-27,163.79086276519146,154.9210006713867,146.05113857758195,145.8800048828125
2022-04-28,162.92892835796326,154.33400039672853,145.7390724354938,149.77999877929688
2022-04-29,162.97931742235437,153.58600082397462,144.19268422559486,144.0800018310547
2022-05-02,162.54102682782823,152.87050018310546,143.1999735383827,145.14999389648438
2022-05-03,161.4885863119524,152.09850006103517,142.70841381011795,145.6300048828125
2022-05-04,160.5485265777657,151.65450057983398,142.76047458190226,149.99000549316406
2022-05-05,160.0795376457184,151.02100067138673,141.96246369705506,144.4199981689453
2022-05-06,159.33275598731313,150.3115005493164,141.29024511131968,143.69000244140625
2022-05-09,159.08891299322232,149.39400100708008,139.69908902093783,138.9600067138672
2022-05-10,158.9734988101763,148.6385009765625,138.30350314294873,139.33999633789062
2022-05-11,159.00929766287894,147.79750061035156,136.5857035578242,137.0
2022-05-12,158.44813871697343,146.8495002746582,135.25086183234296,136.67999267578125
2022-05-13,157.6963188694072,146.17050018310547,134.64468149680374,140.02999877929688
2022-05-16,156.8278752819936,145.46800003051757,134.10812477904153,139.47000122070312
2022-05-17,155.1212733170361,144.7779998779297,134.43472643882328,142.22000122070312
2022-05-18,153.51437362288777,143.82300033569337,134.13162704849896,136.4600067138672
2022-05-19,152.26090622637355,142.94150085449218,133.6220954826108,135.57000732421875
2022-05-20,151.688033453591,142.26950073242188,132.85096801125275,135.5399932861328
2022-05-23,150.56396423085542,141.68200073242187,132.80003723398832,138.19000244140625
2022-05-24,150.17167539158223,141.25450057983397,132.33732576808572,137.00999450683594
2022-05-25,149.61705290612315,140.87350006103514,132.12994721594714,138.25999450683594
2022-05-26,148.16863802699763,140.43450012207032,132.700362217143,141.0
2022-05-27,148.22667565525444,140.45400009155273,132.68132452785102,144.47000122070312
2022-05-31,148.01424193856198,140.38550033569337,132.75675873282475,143.77999877929688
2022-06-01,147.56816708011314,140.2400001525879,132.91183322506265,142.72000122070312
2022-06-02,146.3306105265615,140.01299972534179,133.69538892412208,145.4499969482422
2022-06-03,146.07619731352878,139.9375,133.79880268647122,142.91000366210938
2022-06-06,146.0095921191793,139.91749954223633,133.82540696529335,143.2899932861328
2022-06-07,146.61181750129515,140.20199890136718,133.7921803014392,144.64999389648438
2022-06-08,146.93451331321984,140.39999923706054,133.86548516090124,143.3000030517578
2022-06-09,146.89464132784596,140.53999938964844,134.18535745145093,139.8000030517578
2022-06-10,146.97964320485474,140.48999938964843,134.00035557444212,135.67999267578125
2022-06-13,147.82788032238852,140.01449966430664,132.20111900622476,130.52000427246094
2022-06-14,148.4758526778103,139.54649963378907,130.61714658976783,130.11000061035156
2022-06-15,148.42942771819398,139.04649963378907,129.66357154938416,132.22000122070312
2022-06-16,149.12260157289012,138.6259994506836,128.12939732847707,128.0500030517578
2022-06-17,149.61755368701844,138.26549911499023,126.91344454296201,128.36000061035156
2022-06-21,149.7280934528471,138.07449951171876,126.4209055705904,131.72000122070312
2022-06-22,149.74111722619722,137.7389991760254,125.73688112585359,131.47999572753906
2022-06-23,149.73244381325304,137.50899963378907,125.2855554543251,132.41000366210938
2022-06-24,149.64654329399147,137.42050018310547,125.19445707221946,136.49000549316406
2022-06-27,149.2949247077263,137.16600036621094,125.03707602469557,135.91000366210938
2022-06-28,148.36531802236556,136.59200057983398,124.8186831373024,132.99000549316406
2022-06-29,147.44148922749264,136.0520004272461,124.66251162699955,132.97999572753906
2022-06-30,146.60770036318587,135.50650024414062,124.40530012509537,131.80999755859375
2022-07-01,145.04242658804094,134.88850021362305,124.73457383920517,133.08999633789062
2022-07-05,143.89592804110404,134.42600021362304,124.95607238614205,133.66000366210938
2022-07-06,142.51828887293374,133.96600036621095,125.41371185948816,134.08999633789062
2022-07-07,140.64426401342263,133.5385009765625,126.43273793970236,136.10000610351562
2022-07-08,138.85244980742107,133.17750091552733,127.50255202363361,136.0800018310547
2022-07-11,137.75698475185914,132.9110008239746,128.06501689609007,134.47000122070312
2022-07-12,137.46463747993758,132.785001373291,128.10536526664444,133.16000366210938
2022-07-13,137.45051411990815,132.88450088500977,128.3184876501114,132.50999450683594
2022-07-14,137.38947952064734,132.9910011291504,128.59252273765344,132.24000549316406
2022-07-15,137.56897748254,133.11900100708007,128.66902453162015,134.77999877929688
2022-07-18,137.18964474096626,133.39500122070314,129.60035770044001,133.57000732421875
2022-07-19,137.20739688043554,133.83450088500976,130.46160488958398,137.14999389648438
2022-07-20,137.8228753707877,134.14700088500976,130.47112639923182,137.97000122070312
2022-07-21,138.7041201322484,134.55000076293945,130.3958813936305,139.5399932861328
2022-07-22,139.13198663717554,134.83250045776367,130.5330142783518,138.05999755859375
2022-07-25,139.390222219202,134.91300048828126,130.4357787573605,138.10000610351562
2022-07-26,139.42806329426736,134.93150024414064,130.4349371940139,136.27999877929688
2022-07-27,140.2020801377416,135.28399963378905,130.3659191298365,140.0399932861328
2022-07-28,141.21982927950432,135.71399993896483,130.20817059842534,141.5800018310547
2022-07-29,142.57999551246297,136.31849975585936,130.05700399925576,143.89999389648438
2022-08-01,143.6399283805608,136.8375,130.0350716194392,143.47000122070312
2022-08-02,144.3503663674601,137.28149948120117,130.21263259494222,142.5399932861328
2022-08-03,145.51437524935568,137.832999420166,130.15162359097633,145.1199951171875
2022-08-04,146.54936838192864,138.28549880981444,130.02162923770024,145.14999389648438
2022-08-05,147.36736248211955,138.71699905395508,130.0666356257906,144.7100067138672
2022-08-08,147.9778009604726,139.21549911499022,130.45319726950785,144.44000244140625
2022-08-09,148.2544343297474,139.74449920654297,131.23456408333854,143.74000549316406
2022-08-10,148.81956734156356,140.45949935913086,132.09943137669816,146.80999755859375
2022-08-11,149.05378371809118,141.1804992675781,133.30721481706505,146.66000366210938
2022-08-12,149.93756984997455,141.9014991760254,133.86542850207624,149.1999969482422
2022-08-15,150.53107395493996,142.72099914550782,134.91092433607568,149.9600067138672
2022-08-16,151.39061252307576,143.3734992980957,135.35638607311566,150.1999969482422
2022-08-17,151.93450780475877,143.9354995727539,135.93649134074906,149.2100067138672
2022-08-18,152.496464728237,144.4279998779297,136.3595350276224,149.38999938964844
2022-08-19,152.5125013730983,144.89899978637695,137.2854981996556,147.47999572753906
2022-08-22,152.16907259798188,145.2139991760254,138.2589257540689,144.39999389648438
2022-08-23,151.2668046234526,145.59749908447264,139.9281935454927,143.9499969482422
2022-08-24,150.9210069047235,145.81149978637694,140.70199266803039,144.32000732421875
2022-08-25,150.7807965087815,146.05199966430663,141.32320281983178,146.38999938964844
2022-08-26,150.99022652169057,145.92949981689452,140.86877311209847,141.4499969482422
2022-08-29,151.28439773083971,145.77849960327148,140.27260147570325,140.4499969482422
2022-08-30,151.71570956556525,145.59899978637696,139.48229000718868,138.9499969482422
2022-08-31,152.23768750437023,145.23150024414062,138.225312983911,137.77000427246094
2022-09-01,152.51709675726912,144.89000091552734,137.26290507378556,138.32000732421875
2022-09-02,152.90400940264107,144.49250030517578,136.0809912077105,136.75999450683594
2022-09-06,153.22891619954325,144.08349990844727,134.93808361735128,136.25999450683594
2022-09-07,153.28099988632854,143.82549972534179,134.36999956435503,138.5800018310547
2022-09-08,152.98898607776528,143.4625,133.93601392223474,139.5500030517578
2022-09-09,152.654449557071,143.21849975585937,133.78254995464775,141.77999877929688
2022-09-12,151.95970224837177,142.92900009155272,133.89829793473368,143.41000366210938
2022-09-13,151.05979430444376,142.27900009155275,133.49820587866174,136.9600067138672
2022-09-14,149.85442623087937,141.65,133.44557376912064,137.6199951171875
2022-09-15,148.76285462697845,140.99349975585938,133.2241448847403,136.0800018310547
2022-09-16,147.42741918929988,140.28149948120117,133.13557977310245,135.14999389648438
2022-09-19,146.26310000644474,139.71199951171874,133.16089901699274,136.08999633789062
2022-09-20,145.75333245932387,139.22750015258788,132.7016678458519,134.7100067138672
2022-09-21,145.4502453840514,138.64650039672853,131.84275540940564,132.3300018310547
2022-09-22,144.98364199004448,137.99850006103514,131.01335813202581,131.36000061035156
2022-09-23,144.03008304095758,137.1340003967285,130.23791775249944,129.10000610351562
2022-09-26,144.12699376659037,136.4605007171631,128.7940076677358,127.9800033569336
2022-09-27,144.1500488328261,135.8225009918213,127.49495315081651,127.69000244140625
2022-09-28,143.9784101484235,135.35150108337402,126.72459201832454,129.52999877929688
2022-09-29,144.11299258681584,134.80300102233886,125.49300945786187,126.80000305175781
2022-09-30,144.24292215842104,134.12800064086915,124.01307912331725,124.81999969482422
2022-10-03,144.0742828789821,133.68350105285646,123.2927192267308,127.87000274658203
2022-10-04,143.81068214897607,133.4570011138916,123.10332007880714,131.72999572753906
2022-10-05,143.21463728503522,133.1070011138916,122.99936494274799,131.5800018310547
2022-10-06,142.3697879319273,132.64300117492675,122.91621441792621,130.27000427246094
2022-10-07,140.99431323297927,131.88050117492676,122.76668911687426,126.52999877929688
2022-10-10,138.82326834884475,130.98400115966797,123.14473397049117,125.4800033569336
2022-10-11,138.1779892878824,130.36300086975098,122.54801245161954,124.54000091552734
2022-10-12,137.18732477752823,129.6975009918213,122.20767720611438,124.30999755859375
2022-10-13,136.20966223273626,129.26900100708008,122.32833978142388,127.51000213623047
2022-10-14,135.3982095384963,128.75150146484376,122.10479339119121,124.80000305175781
2022-10-17,134.0822657855347,128.3500015258789,122.61773726622307,128.05999755859375
2022-10-18,133.05619247065954,128.08500137329102,123.1138102759225,129.41000366210938
2022-10-19,132.4926634962301,127.90400161743165,123.31533973863318,128.7100067138672
2022-10-20,132.03209734274697,127.72600173950195,123.41990613625696,127.80000305175781
2022-10-21,132.30645645939083,127.81650161743164,123.32654677547247,130.91000366210938
2022-10-24,132.9596904475571,128.03900108337402,123.11831171919093,132.42999267578125
2022-10-25,134.03757011652047,128.37850074768068,122.71943137884087,134.47999572753906
2022-10-26,134.5868801144153,128.56250114440917,122.53812217440304,133.2100067138672
2022-10-27,135.0102840645536,128.83600120544435,122.66171834633512,132.27000427246094
2022-10-28,135.9068661148548,129.37150115966796,122.83613620448111,135.52999877929688
2022-10-31,136.54381802619767,129.6975009918213,122.85118395744493,134.38999938964844
2022-11-01,136.81267471202497,129.7965015411377,122.78032837025042,133.7100067138672
2022-11-02,136.7083246431962,129.7345012664795,122.76067788976279,130.33999633789062
2022-11-03,136.64093454955622,129.65950126647948,122.67806798340276,128.77000427246094
2022-11-04,136.69244312414648,129.85500144958496,123.01755977502344,130.44000244140625
2022-11-07,136.7507260898712,130.17150115966797,123.59227622946474,131.80999755859375
2022-11-08,136.6789621785883,130.5670009613037,124.45503974401909,132.4499969482422
2022-11-09,136.2573744639739,130.83650093078614,125.4156273975984,129.6999969482422
2022-11-10,137.0774098686031,131.30000076293945,125.52259165727578,136.77999877929688
2022-11-11,137.7167897023335,131.9760009765625,126.23521225079146,138.32000732421875
2022-11-14,138.29924755280962,132.43100128173828,126.56275501066695,137.16000366210938
2022-11-15,139.10395925951678,132.87700119018555,126.6500431208543,138.3300018310547
2022-11-16,139.5130614532998,133.30750122070313,127.10194098810648,137.32000732421875
2022-11-17,139.61651688731524,133.76450119018554,127.91248549305584,136.94000244140625
2022-11-18,140.00121307592585,134.09200134277344,128.18278960962104,137.4600067138672
2022-11-21,140.28865387408848,134.31350173950196,128.33834960491544,136.86000061035156
2022-11-22,140.78970002774284,134.52200164794922,128.2543032681556,138.64999389648438
2022-11-23,141.46488306093994,134.84500122070312,128.2251193804663,139.6699981689453
2022-11-25,142.00445777728967,135.20450134277343,128.40454490825718,139.4600067138672
2022-11-28,142.16886094266619,135.3000015258789,128.43114210909164,137.44000244140625
2022-11-29,142.32437469422987,135.43050155639648,128.53662841856308,137.0
2022-11-30,143.14559869112588,135.81950149536132,128.49340429959676,141.49000549316406
2022-12-01,143.63003872389953,136.37250137329102,129.1149640226825,141.39999389648438
2022-12-02,143.63914327124206,136.99250106811525,130.34585886498843,141.1699981689453
2022-12-05,143.36580451986498,137.40700073242186,131.44819694497875,138.72999572753906
2022-12-06,143.04421325378487,137.64300079345702,132.24178833312916,136.52999877929688
2022-12-07,142.73355345074953,137.83600082397462,132.9384481971997,136.30999755859375
2022-12-08,141.41351143807464,138.22250061035157,135.0314897826285,137.42999267578125
2022-12-09,141.43171219390382,138.204500579834,134.97728896576416,136.4199981689453
2022-12-12,141.431143001456,138.20400009155273,134.97685718164945,138.30999755859375
2022-12-13,141.54709285054295,138.31650009155274,135.08590733256253,139.41000366210938
2022-12-14,141.55969968791365,138.3275001525879,135.09530061726215,138.5500030517578
2022-12-15,141.72180367314778,138.21599960327148,134.7101955333952,135.08999633789062
2022-12-16,142.07893543409284,138.04449920654298,134.01006297899312,133.50999450683594
2022-12-19,142.5289140564832,137.78799896240236,133.04708386832152,132.3300018310547
2022-12-20,142.83227406259982,137.57049865722655,132.30872325185328,132.50999450683594
2022-12-21,142.7664515345224,137.36049880981446,131.95454608510653,134.4499969482422
2022-12-22,142.77406559287462,136.96699905395508,131.15993251503554,131.8000030517578
2022-12-23,142.61865644480977,136.6184989929199,130.61834154103005,132.49000549316406
2022-12-27,142.6679753872442,136.34099884033202,130.01402229341983,131.88999938964844
2022-12-28,142.8384650746849,136.0094985961914,129.1805321176979,130.3699951171875
2022-12-29,142.0542490681774,135.56999816894532,129.08574726971324,132.6999969482422
2022-12-30,141.15717674051754,135.1199981689453,129.08281959737306,132.39999389648438
2023-01-03,140.1683845551919,134.6529983520508,129.13761214890968,131.8300018310547
2023-01-04,139.59500272735173,134.35149841308595,129.10799409882017,132.6999969482422
2023-01-05,139.40401405378734,134.0814987182617,128.7589833827361,131.1300048828125
2023-01-06,139.18991224933916,133.96649856567382,128.74308488200847,134.00999450683594
2023-01-09,138.76715439091038,133.79099884033204,128.8148432897537,133.9199981689453
2023-01-10,138.56933643035228,133.71299896240234,128.8566614944524,134.86000061035156
2023-01-11,138.21135576676207,133.62799911499025,129.04464246321842,136.61000061035156
2023-01-12,137.59416771823527,133.5119987487793,129.4298297793233,137.08999633789062
2023-01-13,137.359248321858,133.47049865722656,129.58174899259512,137.72000122070312
2023-01-17,137.79442097859302,133.58799896240234,129.38157694621165,137.44000244140625
2023-01-18,137.94538128745322,133.6759994506836,129.406617613914,135.27000427246094
2023-01-19,138.00965039059315,133.77699966430663,129.5443489380201,134.35000610351562
2023-01-20,138.3992583998496,133.99749984741212,129.59574129497463,136.9199981689453
2023-01-23,139.0376139684984,134.20400009155273,129.37038621460707,138.5800018310547
2023-01-24,139.5776237215944,134.5375,129.4973762784056,138.47000122070312
2023-01-25,140.0557546589379,134.83499984741212,129.61424503588634,138.44000244140625
2023-01-26,140.7403690340202,135.24150009155272,129.74263114908524,140.02000427246094
2023-01-27,141.2070205038037,135.74400024414064,130.28097998447757,140.4199981689453
2023-01-30,141.44241432790744,136.0365005493164,130.63058677072536,138.5500030517578
2023-01-31,141.91226347963467,136.44200057983397,130.97173768003327,140.50999450683594
2023-02-01,142.4876408136086,136.94750061035157,131.40736040709453,141.94000244140625
2023-02-02,143.5405353090775,137.52150039672853,131.50246548437954,144.17999267578125
2023-02-03,143.7727302075985,138.10200042724608,132.43127064689367,142.74000549316406
2023-02-06,144.06204601792098,138.49400100708007,132.92595599623917,141.85000610351562
2023-02-07,144.60923190036206,138.9905014038086,133.37177090725513,143.85000610351562
2023-02-08,144.81002138035814,139.35900115966797,133.9079809389778,142.22999572753906
2023-02-09,144.918460618886,139.57700119018554,134.23554176148508,140.97000122070312
2023-02-10,145.04732156828715,139.7855010986328,134.52368062897847,141.25999450683594
2023-02-13,145.3898323605761,140.04650115966797,134.70316995875984,142.94000244140625
2023-02-14,145.66017393922417,140.3195007324219,134.9788275256196,142.89999389648438
2023-02-15,145.68251023317262,140.72300033569337,135.76349043821412,143.33999633789062
2023-02-16,145.0795198146021,141.0720001220703,137.06448042953852,141.3300018310547
2023-02-17,144.80334907601897,141.275,137.74665092398104,140.97999572753906
2023-02-21,144.84938095822054,141.25449981689454,137.65961867556854,138.1699981689453
2023-02-22,144.9011757961063,141.23199996948242,137.56282414285855,138.02000427246094
2023-02-23,144.87347706570185,141.24649963378906,137.61952220187626,138.72999572753906
2023-02-24,145.1145796300215,141.10449905395507,137.09441847788864,137.17999267578125
2023-02-27,145.23420411337918,140.97049942016602,136.70679472695286,137.74000549316406
2023-02-28,145.34945995245835,140.90599899291993,136.46253803338152,137.25999450683594
2023-03-01,145.52944466848226,140.71249923706054,135.89555380563883,136.63999938964844
2023-03-02,145.46383078191838,140.4929992675781,135.52216775323785,137.5500030517578
2023-03-03,144.95438685967815,140.2759994506836,135.59761204168905,139.83999633789062
2023-03-06,144.68425530784677,140.14449920654297,135.60474310523918,140.11000061035156
2023-03-07,144.50989131320338,139.95599899291992,135.40210667263645,138.0800018310547
2023-03-08,143.91590041562165,139.67499847412108,135.43409653262052,138.22999572753906
2023-03-09,143.74768871142854,139.35149841308595,134.95530811474336,135.75999450683594
2023-03-10,143.9049769086347,139.00349807739258,134.10201924615046,134.00999450683594
2023-03-13,143.87439512306366,138.6439987182617,133.41360231345976,134.07000732421875
2023-03-14,143.24095111002867,138.31699829101564,133.3930454720026,136.39999389648438
2023-03-15,142.51648289440388,137.97049865722656,133.42451442004923,135.97000122070312
2023-03-16,141.5600340026581,137.72549896240236,133.8909639221466,138.44000244140625
2023-03-17,140.97751198337815,137.5114990234375,134.04548606349684,137.0500030517578
2023-03-20,140.4717918382459,137.37099914550782,134.27020645276974,138.1699981689453
2023-03-21,140.74619374101462,137.46049957275392,134.1748054044932,139.9600067138672
2023-03-22,140.73199557076939,137.45149917602538,134.17100278128137,137.83999633789062
2023-03-23,140.63845243167347,137.40549926757814,134.1725461034828,137.80999755859375
2023-03-24,140.7571028130016,137.47999954223633,134.20289627147105,138.6699981689453
2023-03-27,140.8566148191028,137.53199920654296,134.20738359398314,138.77999877929688
2023-03-28,140.9340275005393,137.58999938964843,134.24597127875757,138.4199981689453
2023-03-29,141.30501800425117,137.77799911499022,134.25098022572928,140.39999389648438
2023-03-30,141.79751641042174,137.96299896240234,134.12848151438294,141.25
2023-03-31,142.51551170334508,138.12799911499025,133.7404865266354,143.13999938964844
2023-04-03,143.2914246388488,138.31299896240233,133.33457328595586,143.80999755859375
2023-04-04,143.97644478599426,138.56799850463867,133.15955222328307,143.17999267578125
2023-04-05,144.5139087605059,138.79849853515626,133.0830883098066,142.83999633789062
2023-04-06,145.06724554825286,139.18449859619142,133.30175164412998,143.47999572753906
2023-04-10,145.3114587696935,139.65599899291993,134.00053921614636,143.44000244140625
2023-04-11,145.36605949696084,140.11749877929688,134.86893806163292,143.3000030517578
2023-04-12,145.50542270266766,140.43299942016603,135.3605761376644,142.7100067138672
2023-04-13,145.85247723279036,140.87449951171874,135.8965217906471,144.8000030517578
2023-04-14,146.271507292834,141.17999954223632,136.08849179163863,144.5500030517578
2023-04-17,146.54798164450344,141.57499923706055,136.60201682961767,144.9499969482422
2023-04-18,146.85569909251674,141.91949920654298,136.98329932056922,145.05999755859375
2023-04-19,147.19890313989276,142.17249908447266,137.14609502905256,145.02000427246094
2023-04-20,147.1720352611915,142.48999938964843,137.80796351810537,144.19000244140625
2023-04-21,147.02694598553734,142.8129997253418,138.59905346514626,144.27000427246094
2023-04-24,146.90151106626496,143.0970001220703,139.29248917787567,144.35000610351562
2023-04-25,146.55454076200186,143.26350021362305,139.97245966524423,142.11000061035156
2023-04-26,145.97280869461073,143.43250045776367,140.8921922209166,141.8000030517578
2023-04-27,145.81838688345016,143.64450073242188,141.4706145813936,144.63999938964844
2023-04-28,145.95306161626203,143.8735008239746,141.79394003168719,145.8300018310547
2023-05-01,146.21961982218943,144.0070007324219,141.79438164265434,145.80999755859375
2023-05-02,146.24351395421974,144.03000106811524,141.81648818201074,144.27000427246094
2023-05-03,146.24324984306702,144.03050155639647,141.81775326972593,143.19000244140625
2023-05-04,146.2847936420003,144.00400161743164,141.723209592863,142.30999755859375
2023-05-05,146.37690801550974,144.07600173950195,141.77509546349415,144.9199981689453
2023-05-08,146.49117227437262,144.1625015258789,141.83383077738517,145.1699981689453
2023-05-09,146.51792907752792,144.2205017089844,141.92307434044085,144.4600067138672
2023-05-10,146.57025068059542,144.34500122070312,142.11975176081083,145.1999969482422
2023-05-11,146.59786017567464,144.35850143432617,142.1191426929777,145.07000732421875
2023-05-12,146.62087109174402,144.3730010986328,142.1251311055216,144.83999633789062
2023-05-15,146.65125019063564,144.38650131225586,142.12175243387608,145.22000122070312
2023-05-16,146.6017722077396,144.3575012207031,142.11323023366663,144.47999572753906
2023-05-17,146.80837423544105,144.42200088500977,142.03562753457848,146.30999755859375
2023-05-18,147.379645451841,144.5985008239746,141.81735619610822,147.72000122070312
2023-05-19,147.81992984706204,144.76250076293945,141.70507167881686,147.5500030517578
2023-05-22,148.21841099465334,144.92600021362304,141.63358943259274,147.6199951171875
2023-05-23,148.1620891250938,145.11399993896484,142.0659107528359,145.8699951171875
2023-05-24,147.91871754172286,145.27399978637695,142.62928203103104,145.0
2023-05-25,148.04257580587736,145.3654998779297,142.68842394998202,146.47000122070312
2023-05-26,148.50940217229004,145.5004997253418,142.49159727839356,148.52999877929688
2023-05-30,148.95201859058682,145.64300003051758,142.33398147044835,148.66000366210938
2023-05-31,149.20626482647853,145.82350006103516,142.4407352955918,147.8800048828125
2023-06-01,149.64284491173686,146.13649978637696,142.63015466101706,149.4499969482422
2023-06-02,150.3526195619895,146.59249954223634,142.83237952248317,151.42999267578125
2023-06-05,151.05861514713095,146.90199966430663,142.7453841814823,151.11000061035156
2023-06-06,151.71127935370168,147.21100006103515,142.71072076836862,151.35000610351562
2023-06-07,152.03220830396407,147.50949935913087,142.98679041429767,150.42999267578125
2023-06-08,152.54191608717642,147.82649917602538,143.11108226487434,151.5399932861328
2023-06-09,153.01453406821673,148.16599884033204,143.31746361244734,151.86000061035156
2023-06-12,153.67110379326394,148.58849868774413,143.50589358222433,153.2899932861328
2023-06-13,154.44717324348926,149.04149856567383,143.6358238878584,154.27999877929688
2023-06-14,155.0210843467056,149.54249877929686,144.06391321188812,154.5
2023-06-15,156.09915444266994,150.0519989013672,144.00484336006446,156.5
2023-06-16,156.9235314823269,150.46299896240234,144.00246644247778,155.94000244140625
2023-06-20,157.47634086847916,150.84599914550782,144.21565742253648,155.2100067138672
2023-06-21,157.79821050994266,151.17949905395508,144.5607875979675,154.2899932861328
2023-06-22,157.994827443236,151.64049911499023,145.28617078674446,155.08999633789062
2023-06-23,157.6704728032052,152.06049880981445,146.4505248164237,153.39999389648438
2023-06-26,157.34727704881297,152.35799865722657,147.36872026564018,152.4199981689453
2023-06-27,157.34997666768382,152.6344985961914,147.919020524699,154.05999755859375
2023-06-28,157.29046830410405,152.90699844360353,148.523528583103,154.11000061035156
2023-06-29,157.02587390813764,153.2444984436035,149.46312297906937,154.6300048828125
2023-06-30,157.19994669880262,153.59499893188476,149.9900511649669,156.4600067138672
2023-07-03,157.5569597391361,153.85749893188478,150.15803812463346,156.67999267578125
2023-07-05,157.78238648559767,154.12999877929687,150.47761107299607,156.55999755859375
2023-07-06,157.776761544695,154.32649841308594,150.87623528147688,155.27999877929688
2023-07-07,157.49368860685917,154.54149856567383,151.5893085244885,154.72999572753906
2023-07-10,157.3178995490709,154.70599899291992,152.09409843676895,154.8300018310547
2023-07-11,157.2047534522013,154.90399932861328,152.60324520502527,155.82000732421875
2023-07-12,157.44830117659973,155.09199981689454,152.73569845718936,157.0500030517578
2023-07-13,158.06480809022216,155.30499954223632,152.54519099425048,158.5399932861328
2023-07-14,158.58063753495853,155.50799942016602,152.4353613053735,158.55999755859375
2023-07-17,159.08461565243795,155.6414993286133,152.19838300478864,159.1699981689453
2023-07-18,159.87706365186068,155.86299896240234,151.848934272944,160.3699951171875
2023-07-19,160.65472611185368,156.1374984741211,151.6202708363885,160.6999969482422
2023-07-20,161.06134064467844,156.3989990234375,151.73665740219658,159.52000427246094
2023-07-21,161.4298873431072,156.61999893188477,151.81011052066233,159.50999450683594
2023-07-24,161.78385547511908,156.96299896240234,152.1421424496856,160.25999450683594
2023-07-25,161.9952740601509,157.37999877929687,152.76472349844283,160.75999450683594
2023-07-26,162.27925897197468,157.7119987487793,153.14473852558393,160.6999969482422
2023-07-27,162.32993938834838,157.99499893188477,153.66005847542115,159.77000427246094
2023-07-28,162.64699495797652,158.339998626709,154.03300229544146,161.52999877929688
2023-07-31,163.07382214669124,158.60699844360352,154.1401747405158,161.8000030517578
2023-08-01,163.36942275953058,158.84099884033202,154.31257492113346,161.36000061035156
2023-08-02,163.366322792816,158.96049880981445,154.5546748268129,158.9499969482422
2023-08-03,163.20206728956282,159.1244987487793,155.04693020799579,158.55999755859375
2023-08-04,162.8840487986158,159.28199920654296,155.67994961447013,157.8800048828125
2023-08-07,162.47311509673145,159.50449905395507,156.5358830111787,159.27999877929688
2023-08-08,162.12864473695853,159.64599838256837,157.1633520281782,158.64999389648438
2023-08-09,162.08221938187933,159.66149826049804,157.24077713911674,157.36000061035156
2023-08-10,162.15736414956413,159.61299896240234,157.06863377524056,157.57000732421875
2023-08-11,162.23944571761803,159.5559989929199,156.8725522682218,157.4199981689453
2023-08-14,162.2428175376804,159.5189987182617,156.79517989884303,158.42999267578125
2023-08-15,162.29778959763394,159.33249893188477,156.3672082661356,156.63999938964844
2023-08-16,162.4020859203118,159.07249908447267,155.74291224863353,155.5
2023-08-17,162.71953093876272,158.81349868774413,154.90746643672554,154.33999633789062
2023-08-18,162.8975602842671,158.5564987182617,154.21543715225633,154.3699951171875
2023-08-21,162.7712673143757,158.3244987487793,153.87773018318288,155.6199951171875
2023-08-22,162.53909827048705,158.04999923706055,153.56090020363405,155.27000427246094
2023-08-23,162.2051685364866,157.8679992675781,153.53082999866962,157.05999755859375
2023-08-24,162.06524890493267,157.6164993286133,153.1677497522939,154.74000549316406
2023-08-25,161.45742727770235,157.33699951171874,153.21657174573514,155.94000244140625
2023-08-28,160.66748299719626,157.09049911499022,153.5135152327842,156.8699951171875
2023-08-29,160.1378941837569,156.98099899291992,153.82410380208293,159.1699981689453
2023-08-30,160.3167040639315,157.0259994506836,153.7352948374357,159.85000610351562
2023-08-31,160.52673362077914,157.08599929809571,153.6452649754123,159.75999450683594
2023-09-01,160.83983272208835,157.18999938964845,153.54016605720855,159.9600067138672
2023-09-05,160.8967374185704,157.20649948120118,153.51626154383194,159.61000061035156
2023-09-06,160.86052480682852,157.19150009155274,153.52247537627696,158.35000610351562
2023-09-07,160.90623079759928,157.2220001220703,153.53776944654135,157.97000122070312
2023-09-08,160.97444466454849,157.2604995727539,153.54655448095932,158.33999633789062
2023-09-11,161.2228389209831,157.36999969482423,153.51716046866537,159.61000061035156
2023-09-12,161.2391382875201,157.37750015258788,153.51586201765568,158.5800018310547
2023-09-13,161.39744057397024,157.49300003051758,153.5885594870649,158.9499969482422
2023-09-14,161.68099526716858,157.7254997253418,153.770004183515,160.14999389648438
2023-09-15,161.55405244417437,157.91500015258788,154.27594786100138,158.1300048828125
2023-09-18,161.37110533664566,158.1140007019043,154.85689606716295,158.35000610351562
2023-09-19,161.28434046008107,158.2330009460449,155.18166143200875,158.0
2023-09-20,161.1639956617709,158.28450088500978,155.40500610824864,156.3000030517578
2023-09-21,161.68345538015362,158.09500122070312,154.50654706125263,153.27000427246094
2023-09-22,161.99147325634934,158.00550079345703,154.01952833056473,152.9499969482422
2023-09-25,162.2374286521796,157.8865005493164,153.5355724464532,153.55999755859375
2023-09-26,162.81281222394495,157.6080009460449,152.40318966814488,151.3000030517578
2023-09-27,163.03885415985005,157.21500091552736,151.39114767120466,151.30999755859375
2023-09-28,162.91205626971615,156.83300094604493,150.75394562237372,152.2100067138672
2023-09-29,162.72699998944637,156.4385009765625,150.15000196367862,151.8699951171875
2023-10-02,162.37875152864635,156.0510009765625,149.72325042447866,152.2100067138672
2023-10-03,162.18500950912772,155.57550125122071,148.9659929933137,150.10000610351562
2023-10-04,161.95725946364243,155.22050094604492,148.4837424284474,151.25
2023-10-05,161.71416026610316,154.88000106811523,148.0458418701273,151.16000366210938
2023-10-06,161.30151647243198,154.61700134277345,147.9324862131149,153.0800018310547
2023-10-09,160.618467821527,154.33700103759764,148.0555342536683,154.00999450683594
2023-10-10,160.12551038840044,154.14650115966796,148.16749193093548,154.77000427246094
2023-10-11,159.56968569921287,153.97100143432618,148.3723171694395,155.44000244140625
2023-10-12,158.5480931318704,153.69850158691406,148.84891004195774,154.6999969482422
2023-10-13,157.89245793526075,153.48600158691406,149.07954523856736,153.8800048828125
2023-10-16,157.25863652616002,153.34000091552736,149.4213653048947,155.42999267578125
2023-10-17,156.61983916976817,153.20300064086913,149.7861621119701,155.25999450683594
2023-10-18,156.16440693435834,153.05450057983398,149.94459422530963,153.3300018310547
2023-10-19,156.13121591941876,152.99750061035155,149.86378530128434,152.1300048828125
2023-10-20,156.21547710504532,152.8635009765625,149.5115248480797,150.27000427246094
2023-10-23,156.2287774674075,152.69250106811523,149.15622466882297,150.13999938964844
2023-10-24,156.2287774674075,152.69250106811523,149.15622466882297,151.3000030517578
2023-10-25,156.4142078836778,152.58050155639648,148.74679522911518,149.07000732421875
2023-10-26,156.884000828967,152.31400146484376,147.7440021007205,146.8800048828125
2023-10-27,157.27863690677893,152.04350204467772,146.80836718257652,146.4600067138672
2023-10-30,157.3190666933552,151.8550018310547,146.39093696875418,148.44000244140625
2023-10-31,157.34289810617335,151.8130012512207,146.28310439626804,149.25999450683594
2023-11-01,157.33859450763185,151.80500106811525,146.27140762859864,151.08999633789062
2023-11-02,157.5295692113727,151.93750076293946,146.34543231450624,153.80999755859375
2023-11-03,157.7741796280726,152.0365005493164,146.2988214705602,155.05999755859375
2023-11-06,157.99793752930535,152.11450119018554,146.23106485106572,155.57000732421875
2023-11-07,158.23854643425457,152.1885009765625,146.13845551887042,156.25
2023-11-08,158.41984898632782,152.2410011291504,146.06215327197296,156.49000549316406
2023-11-09,158.49558876802504,152.26850128173828,146.04141379545152,155.25
2023-11-10,159.11454391941027,152.46450119018556,145.81445846096085,157.8000030517578
2023-11-13,159.49662998875132,152.5775016784668,145.65837336818228,157.69000244140625
2023-11-14,160.47958025023314,152.83500213623046,145.19042402222777,160.41000366210938
2023-11-15,161.57404127571135,153.2015022277832,144.82896317985507,160.66000366210938
2023-11-16,162.64379598422613,153.64150161743163,144.63920725063713,160.92999267578125
2023-11-17,163.6080914679459,154.18450164794922,144.76091182795253,161.1300048828125
2023-11-20,164.68951110787984,154.80150146484374,144.91349182180764,162.47999572753906
2023-11-21,165.5736199065751,155.3400016784668,145.1063834503585,162.07000732421875
2023-11-22,166.3310859135912,156.0275016784668,145.72391744334237,162.82000732421875
2023-11-24,166.63179066105744,156.82550125122071,147.019211841384,162.83999633789062
2023-11-27,166.48828380848914,157.62700119018555,148.76571857188196,162.49000549316406
2023-11-28,166.39983506199974,158.34400100708007,150.2881669521604,162.77999877929688
2023-11-29,166.10631576459122,159.0135009765625,151.9206861885338,162.64999389648438
2023-11-30,165.92045139823108,159.61700134277345,153.31355128731582,163.16000366210938
2023-12-01,166.07391066614494,160.11650161743165,154.15909256871836,163.8000030517578
2023-12-04,166.08950828336458,160.50300140380858,154.91649452425258,162.7899932861328
2023-12-05,166.07952209883857,160.8765007019043,155.67347930497002,163.0399932861328
2023-12-06,165.95130801518184,161.1760009765625,156.40069393794317,162.24000549316406
2023-12-07,165.90409665542222,161.53300094604492,157.16190523666762,163.6300048828125
2023-12-08,165.45530749011178,161.99000091552733,158.5246943409429,164.38999938964844
2023-12-11,165.44247577342475,162.34150085449218,159.24052593555962,164.8300018310547
2023-12-12,165.38041888271007,162.74400100708007,160.10758313145007,165.74000549316406
2023-12-13,166.32910913294143,163.11150054931642,159.8938919656914,167.75999450683594
2023-12-14,167.1172635093841,163.475,159.8327364906159,167.92999267578125
2023-12-15,167.735070272005,163.8210006713867,159.90693107076842,167.85000610351562
2023-12-18,168.4995042861738,164.20900039672853,159.91849650728327,168.88999938964844
2023-12-19,169.45748438975545,164.58100051879882,159.70451664784218,169.9199981689453
2023-12-20,169.75211876968723,164.8550003051758,159.95788184066436,167.5500030517578
2023-12-21,170.17664829128617,165.13600006103516,160.09535183078415,168.44000244140625
2023-12-22,170.58707331166684,165.43050003051758,160.27392674936831,168.72999572753906
2023-12-26,171.0158671074088,165.77399978637695,160.5321324653451,169.36000061035156
2023-12-27,171.43130645474986,166.11800003051758,160.8046936062853,169.66000366210938
2023-12-28,171.75724847691907,166.4720001220703,161.18675176722155,169.72999572753906
2023-12-29,171.96860812280093,166.7779998779297,161.58739163305844,169.27999877929688
2024-01-02,172.03193197421837,166.99599990844726,161.96006784267615,168.16000366210938
2024-01-03,171.86020053868924,167.20800018310547,162.5557998275217,167.02999877929688
2024-01-04,171.640420248826,167.3745002746582,163.10858030049042,166.3699951171875
2024-01-05,171.17770664525963,167.59550018310546,164.01329372095128,166.66000366210938
2024-01-08,171.01116992093355,167.87099990844726,164.73082989596097,169.13999938964844
2024-01-09,170.8329455527115,168.1,165.3670544472885,168.97000122070312
2024-01-10,170.77124395354835,168.3604995727539,165.94975519195944,170.0399932861328
2024-01-11,170.7910371453184,168.58099899291992,166.37096084052143,170.14999389648438
2024-01-12,171.0183235413606,168.7114990234375,166.40467450551444,170.3699951171875
2024-01-16,171.1250333996846,168.8034996032715,166.48196580685837,169.77000427246094
2024-01-17,171.14060220819786,168.85999908447266,166.57939596074746,168.97999572753906
2024-01-18,171.33612821096497,168.94199905395507,166.54786989694517,170.52999877929688
2024-01-19,172.02099864510956,169.09099884033202,166.16099903555448,172.89999389648438
2024-01-22,172.68210061947673,169.36749877929688,166.05289693911703,173.0800018310547
2024-01-23,173.4216146778919,169.63249893188475,165.8433831858776,173.74000549316406
2024-01-24,174.13905538441867,169.90249938964843,165.66594339487818,174.1300048828125
2024-01-25,174.9137618592667,170.1759994506836,165.4382370421005,174.8300018310547
2024-01-26,175.5672071646486,170.43199920654297,165.29679124843733,174.77999877929688
2024-01-29,176.4378105964445,170.7514991760254,165.06518775560627,176.1199951171875
2024-01-30,177.17323795329418,171.0889991760254,165.00476039875662,176.02999877929688
2024-01-31,177.31522490308774,171.3314987182617,165.3477725334357,173.00999450683594
2024-02-01,177.62635790708467,171.74549865722656,165.86463940736846,175.30999755859375
2024-02-02,178.14916786666382,172.3019989013672,166.45482993607058,177.5
2024-02-05,178.40984792114344,172.82099838256835,167.23214884399326,177.0399932861328
2024-02-06,178.9059618716507,173.23699874877929,167.56803562590787,177.4600067138672
2024-02-07,179.6015872810816,173.74299850463868,167.88440972819575,179.08999633789062
2024-02-08,180.23322021618017,174.19499893188475,168.15677764758934,179.0800018310547
2024-02-09,180.9894567343376,174.70099945068358,168.41254216702956,180.27000427246094
2024-02-12,181.5450217360347,175.18249969482423,168.81997765361376,180.0
2024-02-13,181.51591618629226,175.5784996032715,169.64108302025073,177.69000244140625
2024-02-14,181.409550023096,176.09449996948243,170.77944991586887,179.3000030517578
2024-02-15,181.51725907916952,176.57549972534179,171.63374037151405,180.14999389648438
2024-02-16,181.66830997468958,176.8949996948242,172.12168941495884,179.2899932861328
2024-02-20,181.6197260613922,177.15199966430663,172.68427326722104,178.22000122070312
2024-02-21,181.58948139616732,177.38199920654296,173.1745170169186,178.33999633789062
2024-02-22,182.23798925065395,177.79099884033204,173.34400843001012,182.30999755859375
2024-02-23,182.81834490343715,178.16749877929686,173.51665265515658,182.36000061035156
2024-02-26,183.14188888780276,178.51549911499023,173.8891093421777,181.74000549316406
2024-02-27,183.52664541246853,178.80699920654297,174.0873530006174,181.9499969482422
2024-02-28,183.7662486748838,179.082999420166,174.3997501654482,181.5500030517578
2024-02-29,183.5028506709675,179.5434997558594,175.58414884075128,182.22000122070312
2024-03-01,183.89065485364688,179.97799987792968,176.06534490221247,184.0
2024-03-04,184.30312959658136,180.2779998779297,176.25287015927802,183.5
2024-03-05,184.27195293531554,180.5020004272461,176.73204791917664,181.52000427246094
2024-03-06,184.33490232471397,180.75,177.16509767528603,182.4199981689453
2024-03-07,184.82043429482184,181.0095001220703,177.19856594931878,184.27999877929688
2024-03-08,184.9925221312979,181.20199966430664,177.41147719731538,182.92999267578125
2024-03-11,185.14733447010747,181.32549972534179,177.5036649805761,182.74000549316406
2024-03-12,185.6518967567741,181.5729995727539,177.4941023887337,184.9499969482422
2024-03-13,185.80758106613303,181.9234992980957,178.03941753005836,184.6999969482422
2024-03-14,186.03657614776787,182.1864990234375,178.33642189910714,184.55999755859375
2024-03-15,186.08010458805052,182.33099899291992,178.58189339778932,183.0399932861328
2024-03-18,186.14368833609214,182.5794990539551,179.01530977181804,184.25999450683594
2024-03-19,186.07696301652797,182.93349914550782,179.79003527448768,185.3000030517578
2024-03-20,186.2272542622447,183.36549911499023,180.50374396773574,186.97999572753906
2024-03-21,186.77945749073194,183.59149932861328,180.40354116649462,186.8300018310547
2024-03-22,187.22157097742377,183.80999908447265,180.39842719152153,186.72999572753906
2024-03-25,187.45195466328272,184.03149871826173,180.61104277324074,186.1699981689453
2024-03-26,187.57995655961744,184.22149887084962,180.8630411820818,185.75
2024-03-27,187.83152786578717,184.49549865722656,181.15946944866596,187.02999877929688
2024-03-28,188.04536710136765,184.72799835205078,181.4106296027339,186.8699951171875
2024-04-01,188.28547997833377,184.86799850463868,181.4505170309436,186.8000030517578
2024-04-02,188.34997170438183,184.97599868774415,181.60202567110647,185.66000366210938
2024-04-03,188.18033478003443,185.18949813842772,182.19866149682102,185.7899932861328
2024-04-04,188.0711909796961,185.2404983520508,182.4098057244055,183.44000244140625
2024-04-05,188.1066280979373,185.3069984436035,182.50736878926972,185.61000061035156
2024-04-08,188.01412159360072,185.43549880981445,182.85687602602817,185.5
2024-04-09,187.8401694047227,185.57749862670897,183.31482784869524,185.5800018310547
2024-04-10,187.8760809618836,185.53349914550782,183.19091732913205,184.07000732421875
2024-04-11,187.90034007857685,185.58749923706054,183.27465839554424,185.77999877929688
2024-04-12,188.02277865060867,185.51899948120118,183.01522031179368,183.19000244140625
2024-04-15,188.44781839443405,185.4134994506836,182.37918050693312,180.92999267578125
2024-04-16,188.8825961949639,185.23399963378907,181.58540307261424,180.6699981689453
2024-04-17,189.38340003037118,184.93949966430665,180.49559929824213,179.41000366210938
2024-04-18,189.56029198696356,184.54449996948242,179.52870795200127,179.0800018310547
2024-04-19,189.91795260825072,184.05599975585938,178.19404690346803,177.05999755859375
2024-04-22,189.81108617353254,183.65899963378905,177.50691309404556,178.7899932861328
2024-04-23,189.54139556792722,183.40400009155275,177.26660461517827,181.07000732421875
2024-04-24,189.29294138347737,183.1599998474121,177.02705831134685,180.8699951171875
2024-04-25,188.82119531173498,182.80550003051758,176.78980474930017,179.94000244140625
2024-04-26,188.2906754786427,182.56750030517577,176.84432513170884,182.11000061035156
2024-04-29,187.7327466163264,182.34899978637696,176.96525295642752,182.42999267578125
2024-04-30,187.3285892884821,182.04949951171875,176.7704097349554,179.6699981689453
2024-05-01,186.86173117983517,181.70400009155273,176.54626900327028,178.8800048828125
2024-05-02,186.6785202569612,181.56750030517577,176.45648035339033,180.7100067138672
2024-05-03,186.28071458209416,181.44850006103516,176.61628553997616,183.22999572753906
2024-05-06,186.19839869994527,181.42900009155272,176.65960148316017,185.11000061035156
2024-05-07,186.14992025468192,181.4180000305176,176.68607980635326,185.36000061035156
2024-05-08,186.37266005676983,181.47849960327147,176.58433914977311,185.27999877929688
2024-05-09,186.48471398316966,181.50249938964845,176.52028479612724,186.25999450683594
2024-05-10,187.05685996507592,181.66599960327147,176.27513924146703,186.4600067138672
2024-05-13,187.73745567420943,181.9495002746582,176.16154487510696,186.60000610351562
2024-05-14,188.50599773863027,182.2865005493164,176.06700336000253,187.41000366210938
2024-05-15,189.6917183174716,182.80850067138672,175.92528302530184,189.85000610351562
2024-05-16,190.60180447809853,183.33600082397462,176.0701971698507,189.6300048828125
2024-05-17,191.15964474524304,183.9730010986328,176.78635745202257,189.8000030517578
2024-05-20,191.7702760641597,184.535001373291,177.29972668242232,190.02999877929688
2024-05-21,192.53524040603904,185.01500091552734,177.49476142501564,190.6699981689453
2024-05-22,193.05009248858576,185.4750015258789,177.89991056317203,190.07000732421875
2024-05-23,193.20120672788264,185.9275016784668,178.65379662905096,188.99000549316406
2024-05-24,193.61132048984592,186.33200149536134,179.05268250087676,190.1999969482422
2024-05-28,194.01661048830513,186.74100189208986,179.46539329587458,190.61000061035156
2024-05-29,193.81090489468937,187.22550201416016,180.64009913363094,189.36000061035156
2024-05-30,193.02843610984723,187.67050170898438,182.31256730812152,187.77999877929688
2024-05-31,192.4121763495299,188.0875015258789,183.76282670222793,189.0500030517578
2024-06-03,192.16048320278907,188.4095016479492,184.65852009310936,189.6699981689453
2024-06-04,192.1566681199803,188.660001373291,185.1633346266017,190.1199951171875
2024-06-05,192.55083768704648,189.01700134277343,185.48316499850037,192.5
2024-06-06,192.80981157136117,189.38350143432618,185.9571912972912,192.61000061035156
2024-06-07,193.09177018358534,189.702001953125,186.31223372266467,192.6300048828125
2024-06-10,193.42455348960738,190.04150161743163,186.6584497452559,193.25
2024-06-11,193.82395886131917,190.41100158691407,186.99804431250897,193.99000549316406
2024-06-12,194.6304467392551,190.81950149536132,187.00855625146755,195.5800018310547
2024-06-13,195.58073600241792,191.13750152587892,186.6942670493399,196.2100067138672
2024-06-14,196.47060718529633,191.4875015258789,186.5043958664615,196.6300048828125
2024-06-17,197.62787374254947,191.910001373291,186.19212900403255,198.25
2024-06-18,198.67916139628508,192.33850173950196,185.99784208271885,198.60000610351562
2024-06-20,199.48109700334834,192.7120018005371,185.94290659772588,198.13999938964844
2024-06-21,200.08416604199414,193.09450149536133,186.10483694872852,197.72000122070312
2024-06-24,200.37428455607548,193.4810012817383,186.5877180074011,196.72000122070312
2024-06-25,200.84953561640174,193.86800155639648,186.88646749639122,197.94000244140625
2024-06-26,201.3743856206852,194.26850128173828,187.16261694279137,198.6199951171875
2024-06-27,201.64365877004641,194.7125015258789,187.7813442817114,198.24000549316406
2024-06-28,201.421243960817,195.1880012512207,188.9547585416244,197.2899932861328
2024-07-01,201.33403765008111,195.64750137329102,189.96096509650093,198.24000549316406
2024-07-02,201.37536476753374,196.14500122070314,190.91463767387253,199.6199951171875
2024-07-03,201.44233286647562,196.66450119018555,191.88666951389547,200.50999450683594
2024-07-05,202.07619937254498,197.14400100708008,192.21180264161518,202.08999633789062
2024-07-08,202.55925498270065,197.62250061035155,192.68574623800245,202.17999267578125
2024-07-09,202.89965750318393,198.1095001220703,193.31934274095667,202.3699951171875
2024-07-10,203.69011526142285,198.67300033569336,193.65588540996387,204.52000427246094
2024-07-11,203.7898005269592,199.06999969482422,194.35019886268924,201.92999267578125
2024-07-12,204.14587451911075,199.43449935913085,194.72312419915096,202.8699951171875
2024-07-15,204.62516744489633,199.80899887084962,194.9928302968029,203.6999969482422
2024-07-16,205.18924276047994,200.20049896240235,195.21175516432476,204.4600067138672
2024-07-17,205.27305663285037,200.3489990234375,195.42494141402463,201.22000122070312
2024-07-18,205.2723351430521,200.402498626709,195.5326621103659,199.6699981689453
2024-07-19,205.26822958011937,200.40749893188476,195.54676828365015,198.24000549316406
2024-07-22,205.23946836455931,200.5364990234375,195.83352968231569,200.3000030517578
2024-07-23,205.08131380883546,200.70999908447266,196.33868436010985,200.19000244140625
2024-07-24,205.4348476263338,200.5709991455078,195.70715066468182,195.16000366210938
2024-07-25,205.95581251999133,200.33449935913086,194.7131861982704,193.88999938964844
2024-07-26,206.0892002805331,200.22299880981444,194.35679733909578,196.00999450683594
2024-07-29,206.17080699649438,200.16299896240236,194.15519092831033,196.08999633789062
2024-07-30,206.40339800788885,199.9864990234375,193.56960003898612,194.7100067138672
2024-07-31,206.37845334568513,199.9134994506836,193.44854555568205,198.16000366210938
2024-08-01,206.39215117689633,199.66749954223633,192.94284790757632,195.58999633789062
2024-08-02,206.5720456222625,199.1604995727539,191.74895352324532,191.9499969482422
2024-08-05,207.59333270219338,198.3479995727539,189.10266644331443,185.92999267578125
2024-08-06,207.7605598849954,197.61149978637695,187.46243968775852,187.63999938964844
2024-08-07,207.44110583260715,196.70649948120118,185.9718931297952,186.4199981689453
2024-08-08,206.8962355917293,196.15149993896483,185.40676428620037,190.8300018310547
2024-08-09,206.03574586717605,195.60200042724608,185.16825498731612,191.8800048828125
2024-08-12,204.8631208949452,195.0240005493164,185.1848802036876,192.13999938964844
2024-08-13,203.42151572152673,194.57600021362305,185.73048470571936,195.5
2024-08-14,202.67022009421203,194.32350006103516,185.9767800278583,196.1699981689453
2024-08-15,202.67915212525892,194.32600021362305,185.97284830198717,199.72000122070312
2024-08-16,202.98679554694144,194.4199996948242,185.853203842707,200.1199951171875
2024-08-19,203.33322044485283,194.50499954223633,185.67677863961984,202.0
2024-08-20,203.63964579520993,194.58399963378906,185.5283534723682,201.77000427246094
2024-08-21,204.63464732963695,194.94899978637696,185.26335224311697,202.4600067138672
2024-08-22,205.25442239851733,195.28249969482422,185.31057699113111,200.55999755859375
2024-08-23,206.0869100591247,195.61350021362304,185.14009036812138,202.6300048828125
2024-08-26,206.7434252406749,195.90800018310546,185.07257512553602,201.97999572753906
2024-08-27,207.47571195694107,196.29399948120118,185.1122870054613,202.42999267578125
2024-08-28,207.79429846031346,196.44149932861328,185.0887001969131,201.11000061035156
2024-08-29,208.22739533357637,196.71199951171874,185.19660368986112,201.0
2024-08-30,208.87591509194635,197.2654998779297,185.65508466391304,203.02000427246094
2024-09-03,208.2926818221938,197.90550003051757,187.51831823884135,198.72999572753906
2024-09-04,207.69199088129625,198.43349990844726,189.17500893559827,198.1999969482422
2024-09-05,206.46302956095792,199.00599975585936,191.5489699507608,197.8699951171875
2024-09-06,205.99739843018867,199.18199996948243,192.3666015087762,194.35000610351562
2024-09-09,205.4975887154053,199.41199951171876,193.32641030803222,196.47999572753906
2024-09-10,204.86569307501213,199.68149948120117,194.4973058873902,197.52999877929688
2024-09-11,204.71563407309176,199.89949951171874,195.08336495034573,199.86000061035156
2024-09-12,204.7158935726258,200.16899948120118,195.62210538977658,201.55999755859375
2024-09-13,204.94741872481822,200.3034996032715,195.65958048172476,202.41000366210938
2024-09-16,205.18357169205882,200.42999954223632,195.6764273924138,202.64999389648438
2024-09-17,205.25463472351913,200.457999420166,195.66136411681288,202.55999755859375
2024-09-18,205.27188437297923,200.46599884033202,195.6601133076848,201.92999267578125
2024-09-19,205.85263600860034,200.62049865722656,195.38836130585278,205.5500030517578
2024-09-20,206.4705210995749,200.85699844360352,195.24347578763212,205.2899932861328
2024-09-23,206.96490184051467,201.0099983215332,195.05509480255174,205.69000244140625
2024-09-24,207.57529349313705,201.21899871826173,194.8627039433864,206.16000366210938
2024-09-25,208.05923500856937,201.3939987182617,194.72876242795405,205.92999267578125
2024-09-26,208.59996928334937,201.63949890136718,194.67902851938499,206.02000427246094
2024-09-27,209.0626679113324,201.87949905395507,194.69633019657775,205.8000030517578
2024-09-30,209.52636737587224,202.06049880981445,194.59463024375665,206.63999938964844
2024-10-01,209.7318944706743,202.35299911499024,194.9741037593062,204.5800018310547
2024-10-02,209.843979640665,202.66699905395507,195.49001846724514,204.47999572753906
2024-10-03,209.8382696930577,202.98399963378907,196.12972957452044,204.2100067138672
2024-10-04,209.29805089774712,203.57649917602538,197.85494745430364,206.1999969482422
2024-10-07,208.6752911168438,203.96799926757814,199.26070741831248,204.30999755859375
2024-10-08,208.197831040501,204.41449966430665,200.6311682881123,206.4600067138672
2024-10-09,208.26628807948308,204.81499938964845,201.36371069981382,207.8699951171875
2024-10-10,208.43644905214066,205.11849975585938,201.8005504595781,207.6300048828125
2024-10-11,208.8503783628297,205.43199920654297,202.01362005025624,208.67999267578125
2024-10-14,209.6151273772588,205.81799926757813,202.02087115789746,210.3699951171875
2024-10-15,209.77121135201875,206.11449966430663,202.45778797659452,208.49000549316406
2024-10-16,209.87258246695396,206.4875,203.10241753304607,209.38999938964844
2024-10-17,210.27632637967287,206.68349990844726,203.09067343722165,209.47000122070312
2024-10-18,210.7943346422797,206.93450012207032,203.07466560186094,210.30999755859375
2024-10-21,211.23022323418158,207.16149978637696,203.09277633857235,210.22999572753906
2024-10-22,211.64996074076595,207.37399978637694,203.09803883198794,210.41000366210938
2024-10-23,211.7155191711067,207.48199996948242,203.24848076785813,208.08999633789062
2024-10-24,211.84892655439302,207.62699966430665,203.4050727742203,208.9199981689453
2024-10-25,211.93361850846185,207.77299957275392,203.612380637046,208.72000122070312
2024-10-28,212.07407477203643,207.90199966430663,203.72992455657683,209.22000122070312
2024-10-29,212.1266872271015,208.16599960327147,204.20531197944143,209.86000061035156
2024-10-30,211.99382848468954,208.39749984741212,204.8011712101347,209.11000061035156
2024-10-31,211.910534366022,208.42149963378907,204.93246490155613,204.69000244140625
2024-11-01,211.93321443313167,208.40799942016602,204.88278440720038,205.92999267578125
2024-11-04,211.78552869869938,208.4529998779297,205.12047105716002,205.2100067138672
2024-11-05,211.74163693972986,208.5104995727539,205.27936220577794,207.61000061035156
2024-11-06,212.4927172053478,208.76100006103516,205.02928291672254,212.8800048828125
2024-11-07,213.6567324810223,209.12200012207032,204.58726776311835,214.85000610351562
2024-11-08,214.78962140620533,209.46600036621095,204.14237932621657,215.55999755859375
2024-11-11,215.6871728043694,209.7290008544922,203.770828904615,215.6300048828125
2024-11-12,216.45700074719224,210.06700057983397,203.6770004124757,215.25
2024-11-13,217.14491601004673,210.36500091552733,203.58508582100794,215.35000610351562
2024-11-14,217.55528873997085,210.59750061035157,203.6397124807323,214.1199951171875
2024-11-15,217.58351466357826,210.6260009765625,203.66848728954673,210.8800048828125
2024-11-18,217.6777817485862,210.70450134277343,203.73122093696065,211.8000030517578
2024-11-19,217.8578749895162,210.82550125122071,203.79312751292522,212.8300018310547
2024-11-20,218.01066900078808,211.0530014038086,204.0953338068291,212.63999938964844
2024-11-21,218.24186278645297,211.28050155639647,204.31914032633998,213.47000122070312
2024-11-22,218.49789406786678,211.54450149536132,204.59110892285585,214.0
2024-11-25,218.79737961455854,211.81150131225587,204.8256230099532,214.55999755859375
2024-11-26,219.2531572662852,212.1125015258789,204.97184578547262,215.8800048828125
2024-11-27,219.51626415946149,212.4080017089844,205.2997392585073,215.02000427246094
2024-11-29,219.36143015725193,212.99650192260742,206.6315736879629,216.4600067138672
2024-12-02,219.30403144284006,213.56500244140625,207.82597343997244,217.3000030517578
2024-12-03,218.69840182030165,214.17550201416014,209.65260220801864,217.4199981689453
2024-12-04,218.70276454411308,214.75600204467773,210.80923954524238,219.22000122070312
2024-12-05,219.2793593599945,215.05400161743165,210.82864387486882,218.83999633789062
2024-12-06,219.95081600795424,215.2905014038086,210.63018679966297,219.5800018310547
2024-12-09,220.29299252990415,215.43450164794922,210.57601076599428,218.44000244140625
2024-12-10,220.53724974620738,215.5525016784668,210.56775361072621,217.99000549316406
2024-12-11,221.13621789757153,215.7905014038086,210.44478491004568,220.00999450683594
2024-12-12,221.4430577377964,215.95700073242188,210.47094372704734,218.67999267578125
2024-12-13,221.76448857394678,216.1985008239746,210.63251307400242,218.9499969482422
2024-12-16,221.91978193755244,216.66350021362305,211.40721848969366,220.17999267578125
2024-12-17,221.92239094946436,217.0430000305176,212.16360911157082,219.38999938964844
2024-12-18,221.92485174562614,217.04199981689453,212.15914788816292,212.80999755859375
2024-12-19,221.89207386905102,217.05499954223632,212.21792521542162,212.89999389648438
2024-12-20,221.7784421380859,217.13899917602538,212.49955621396487,215.14999389648438
2024-12-23,221.6853471254857,217.24399948120117,212.80265183691665,216.10000610351562
2024-12-24,221.75867536089604,217.45199966430664,213.14532396771725,218.72000122070312
2024-12-26,221.86508346260285,217.59099960327148,213.31691574394011,218.66000366210938
2024-12-27,221.81048977570384,217.65299911499022,213.4955084542766,216.25999450683594
2024-12-30,221.98903072719372,217.51649856567383,213.04396640415393,213.72999572753906
2024-12-31,222.23384021711752,217.2844985961914,212.3351569752653,212.66000366210938
2025-01-02,222.443497516557,217.0239990234375,211.60450053031803,212.2100067138672
2025-01-03,222.20408389738398,216.80899887084962,211.41391384431526,214.9199981689453
2025-01-06,222.0062974514594,216.69149932861328,211.37670120576715,216.49000549316406
2025-01-07,221.69164434533815,216.39699935913086,211.10235437292357,213.69000244140625
2025-01-08,221.48337110200134,216.1709991455078,210.85862718901427,213.9199981689453
2025-01-10,221.54850083094598,215.80799865722656,210.06749648350714,210.72999572753906
2025-01-13,221.14423955532183,215.3469985961914,209.549757637061,210.7899932861328
2025-01-14,220.87551208143375,214.94499893188475,209.01448578233575,210.63999938964844
2025-01-15,220.37939516273414,214.74049911499023,209.10160306724632,214.86000061035156
2025-01-16,219.4912110808084,214.4304992675781,209.36978745434783,213.97999572753906
2025-01-17,218.9117508453717,214.28349914550782,209.65524744564394,216.4499969482422
2025-01-21,219.42780603275884,214.55299911499023,209.67819219722162,218.1999969482422
2025-01-22,220.2387928856948,214.90349960327148,209.56820632084816,219.91000366210938
2025-01-23,221.1998812778582,215.20449981689453,209.20911835593085,221.1699981689453
2025-01-24,221.84315026834616,215.42449951171875,209.00584875509134,220.5
2025-01-27,221.62914005335688,215.34149932861328,209.05385860386968,217.05999755859375
2025-01-28,221.75017874933718,215.37799911499025,209.0058194806433,219.38999938964844
2025-01-29,221.9862443403066,215.4859992980957,208.98575425588479,218.4199981689453
2025-01-30,222.41548087097803,215.76449966430664,209.11351845763525,219.3000030517578
2025-01-31,222.6332851349074,216.04999923706055,209.4667133392137,218.3699951171875
2025-02-03,222.62646263927545,216.27899856567382,209.9315344920722,216.7899932861328
2025-02-04,222.84046277362694,216.4564987182617,210.0725346628965,218.47000122070312
2025-02-05,223.0793591899268,216.58899841308593,210.09863763624506,219.13999938964844
2025-02-06,223.430065423529,216.9099983215332,210.38993121953743,220.11000061035156
2025-02-07,223.49045514897884,217.10699844360352,210.7235417382282,217.86000061035156
2025-02-10,223.27424223315674,217.53899841308595,211.80375459301516,219.3699951171875
2025-02-11,222.87444564709216,217.9839988708496,213.09355209460705,219.69000244140625
2025-02-12,221.96461979411765,218.40649871826173,214.8483776424058,219.08999633789062
2025-02-13,222.1903390956297,218.74849853515624,215.3066579746828,221.6999969482422
2025-02-14,222.0587967732893,219.13849868774415,216.218200602199,221.77999877929688
2025-02-18,222.3441395899107,219.4219985961914,216.4998576024721,222.1199951171875
2025-02-19,222.836266686042,219.6464988708496,216.4567310556572,222.69000244140625
2025-02-20,223.05519607568215,219.73799896240234,216.42080184912254,221.74000549316406
2025-02-21,222.91809443798633,219.57199935913087,216.22590428027542,217.85000610351562
2025-02-24,222.92682381405623,219.37949905395507,215.8321742938539,216.64999389648438
2025-02-25,223.14714472692577,219.28899917602538,215.430853625125,215.25
2025-02-26,223.2974685744606,219.09149932861328,214.88553008276597,215.44000244140625
2025-02-27,224.0562727237341,218.75499954223633,213.45372636073856,211.69000244140625
2025-02-28,224.0562717474118,218.5554992675781,213.0547267877444,215.30999755859375
2025-03-03,224.52708664715843,218.2084991455078,211.88991164385718,211.42999267578125
2025-03-04,225.29207104954827,217.81949920654296,210.34692736353765,209.00999450683594
2025-03-05,225.4500621442882,217.4584991455078,209.4669361467274,211.25
2025-03-06,225.96275528393284,216.86299896240234,207.76324264087185,207.22999572753906
2025-03-07,225.97422231080995,216.2689987182617,206.56377512571348,208.22999572753906
2025-03-10,226.9346207082302,215.48299865722657,204.03137660622295,202.13999938964844
2025-03-11,227.50291557526293,214.5559989929199,201.6090824105769,200.8300018310547
2025-03-12,227.4756903768958,213.67449874877929,199.87330712066276,202.05999755859375
2025-03-13,227.59822545829635,212.67999877929688,197.7617721002974,199.1999969482422
2025-03-14,226.5995376011418,211.7674987792969,196.93545995745197,203.4499969482422
2025-03-17,225.30662631184904,210.90649871826173,196.50637112467442,204.55999755859375
2025-03-18,223.81218243710882,209.91499862670898,196.01781481630914,202.2899932861328
2025-03-19,221.77575447683398,209.00249862670898,196.229242776584,204.44000244140625
2025-03-20,219.62772821004666,208.1189987182617,196.61026922647676,204.07000732421875
2025-03-21,218.14521562519187,207.44899826049806,196.75278089580425,204.4499969482422
2025-03-24,216.86250019631936,207.0219985961914,197.18149699606343,208.11000061035156
2025-03-25,215.83797267413394,206.6994987487793,197.56102482342465,208.8000030517578
2025-03-26,214.43657701421947,206.22399826049804,198.0114195067766,205.92999267578125
2025-03-27,213.71291087046097,205.8734977722168,198.03408467397264,204.67999267578125
2025-03-28,212.0227561158301,205.122998046875,198.22323997791992,200.3000030517578
2025-03-31,211.05812261169592,204.62049865722656,198.1828747027572,201.3800048828125
2025-04-01,210.46721218814687,204.28399887084962,198.10078555355236,202.27999877929688
2025-04-02,209.19266714865546,203.8964988708496,198.60033059304374,203.5
2025-04-03,209.91723222478234,203.21899871826173,196.52076521174112,193.67999267578125
2025-04-04,212.97702077679006,201.9109992980957,190.84497781940135,182.07000732421875
2025-04-07,215.02990895431236,200.88899917602538,186.7480893977384,181.6999969482422
2025-04-08,216.81257251464294,199.80899887084962,182.8054252270563,179.22999572753906
2025-04-09,216.56470155087734,199.54549865722657,182.5262957635758,196.7899932861328
2025-04-10,216.6158181525056,199.07749862670897,181.53917910091235,189.83999633789062
2025-04-11,216.16090328013428,198.56649856567384,180.9720938512134,193.22999572753906
2025-04-14,215.52012438120545,198.0719985961914,180.62387281117736,194.6699981689453
2025-04-15,215.0809981416806,197.66849899291992,180.25599984415925,194.22000122070312
2025-04-16,214.3865739655447,196.92599868774414,179.46542340994358,189.58999633789062
2025-04-17,213.62158574757888,196.19599838256835,178.77041101755782,189.47000122070312
2025-04-21,212.86426507937807,195.22599868774415,177.58773229611023,185.0500030517578
2025-04-22,211.0573261915478,194.3064987182617,177.55567124497563,189.72000122070312
2025-04-23,208.89649251984983,193.52099838256837,178.1455042452869,193.08999633789062
2025-04-24,207.48058806543045,193.0794990539551,178.67841004247973,197.10000610351562
2025-04-25,206.48762144291942,192.79949951171875,179.11137758051808,199.0800018310547
2025-04-28,206.30843853426398,192.74049911499023,179.17255969571647,199.1199951171875
2025-04-29,206.13590539251985,192.68999862670898,179.24409186089812,200.3699951171875
2025-04-30,205.77803681514456,192.5904983520508,179.402959888957,200.2899932861328
2025-05-01,205.4650638997076,192.51449813842774,179.5639323771479,201.97999572753906
2025-05-02,207.11297882932791,193.07699813842774,179.04101744752757,204.92999267578125
2025-05-05,207.95177703957984,194.15449752807618,180.35721801657252,203.6199951171875
2025-05-06,208.10203776997787,195.16599731445314,182.2299568589284,201.92999267578125
2025-05-07,207.41093725545986,196.34199752807618,185.2730578006925,202.75
2025-05-08,208.26319574324359,196.70199813842774,185.1408005336119,203.99000549316406
2025-05-09,208.87017369112775,197.38899841308594,185.90782313504414,203.5800018310547
2025-05-12,210.9237204381668,198.2589988708496,185.5942773035324,210.6300048828125
2025-05-13,213.0930871619576,199.14449920654297,185.19591125112834,212.3800048828125
2025-05-14,215.05398616085353,200.0799987792969,185.10601139774025,212.92999267578125
2025-05-15,216.57046545308984,201.2864990234375,186.00253259378516,213.72000122070312
2025-05-16,217.94814896304976,202.56249923706054,187.1768495110713,214.99000549316406
2025-05-19,218.12872940035163,204.06499938964845,190.00126937894527,215.10000610351562
2025-05-20,218.39703524786728,205.295499420166,192.19396359246474,214.3300018310547
2025-05-21,218.2455794080949,206.19349975585936,194.14142010362383,211.0500030517578
2025-05-22,218.3675629000979,206.8949996948242,195.4224364895505,211.1300048828125
2025-05-23,218.36636199943644,207.42199935913087,196.4776367188253,209.6199951171875
2025-05-27,218.78559204568785,208.17099990844727,197.5564077712067,214.10000610351562
2025-05-28,218.99936801368764,208.80999984741212,198.6206316811366,213.14999389648438
2025-05-29,219.12656782008995,209.49449996948243,199.86243211887492,213.97999572753906
2025-05-30,219.23545496266132,210.08400039672853,200.93254583079573,213.77000427246094
2025-06-02,219.65699476754568,210.58750076293944,201.5180067583332,215.0
2025-06-03,220.0016000418384,211.21500091552736,202.4284017892163,216.1699981689453
2025-06-04,219.8879400843886,211.9375015258789,203.9870629673692,216.3800048828125
2025-06-05,219.40754167767372,212.55950164794922,205.71146161822472,215.19000244140625
2025-06-06,219.1773068279542,213.23600158691406,207.29469634587392,217.52000427246094
2025-06-09,218.27328288612483,213.94500122070312,209.6167195552814,217.75999450683594
2025-06-10,218.95287665379053,214.3660011291504,209.77912560451026,219.0500030517578
2025-06-11,219.48800124542132,214.66950073242188,209.85100021942245,218.4499969482422
2025-06-12,220.1310152493638,214.98700103759765,209.8429868258315,219.27999877929688
2025-06-13,220.31535034955218,215.14400100708008,209.97265166460798,216.86000061035156
2025-06-16,220.77874674166787,215.34400100708007,209.90925527249226,218.99000549316406
2025-06-17,220.93046300701852,215.4440010070801,209.95753900714166,217.10000610351562
2025-06-18,221.0719184432008,215.5740005493164,210.076082655432,216.92999267578125
2025-06-20,220.93059097702215,215.83550033569335,210.74040969436456,216.27999877929688
2025-06-23,220.91471492729724,216.19599990844728,211.4772848895973,218.33999633789062
2025-06-24,220.85267735853034,216.7595001220703,212.66632288561027,220.88999938964844
2025-06-25,221.49149127309937,217.12350006103514,212.75550884897092,221.3800048828125
2025-06-26,222.33648070002278,217.6240005493164,212.91152039861004,223.16000366210938
2025-06-27,223.35180208446747,218.1360008239746,212.92019956348173,224.22000122070312
2025-06-30,224.2929199501139,218.69350051879883,213.09408108748374,224.9199981689453
2025-07-01,224.97097489544888,219.15350036621095,213.33602583697302,224.1999969482422
2025-07-02,225.86116384717343,219.6150001525879,213.36883645800236,225.39999389648438
2025-07-03,227.07921413708993,220.16549987792968,213.25178561876942,227.38999938964844
2025-07-07,227.59237293434342,220.68649978637694,213.78062663841047,225.61000061035156
2025-07-08,228.12016750290695,221.08149948120118,214.0428314594954,225.4199981689453
2025-07-09,228.81380057723274,221.53249969482422,214.2511988124157,226.77999877929688
2025-07-10,229.5659379332609,221.95049972534179,214.33506151742267,227.41000366210938
2025-07-11,230.06852468696542,222.3629997253418,214.6574747637182,226.6999969482422
